event_id,period_no,occ_year,occ_month,occ_day
1,4167,4167,2,13
2,3965,3965,3,1
3,2980,2980,5,27
4,3863,3863,12,9
5,2212,2212,8,10
6,1040,1040,5,20
7,966,966,12,15
8,1132,1132,11,11
9,4145,4145,2,26
10,2695,2695,2,13
11,2274,2274,4,27
12,1159,1159,1,28
13,1051,1051,3,17
14,3273,3273,4,21
15,1524,1524,6,11
16,981,981,4,1
17,1992,1992,7,5
18,1385,1385,8,26
19,828,828,1,26
20,2044,2044,2,6
21,4007,4007,6,30
22,3359,3359,11,26
23,2751,2751,10,23
24,361,361,10,25
25,147,147,9,9
26,2423,2423,7,29
27,4826,4826,3,2
28,423,423,6,20
29,3327,3327,11,25
30,4855,4855,1,20
31,340,340,5,13
32,3167,3167,8,18
33,3693,3693,1,25
34,551,551,3,8
35,2343,2343,4,10
36,4696,4696,3,20
37,4569,4569,4,10
38,2350,2350,9,28
39,1162,1162,3,17
40,1432,1432,10,23
41,1614,1614,10,2
42,4255,4255,11,19
43,1293,1293,4,8
44,4800,4800,3,31
45,3966,3966,11,25
46,3635,3635,9,22
47,1761,1761,7,16
48,1582,1582,11,7
49,2107,2107,5,18
50,3556,3556,2,8
51,4210,4210,3,13
52,3210,3210,9,9
53,2776,2776,3,30
54,851,851,5,21
55,3159,3159,4,20
56,1796,1796,12,29
57,4522,4522,2,8
58,50,50,8,6
59,152,152,3,5
60,3271,3271,4,12
61,496,496,6,17
62,2288,2288,1,21
63,1903,1903,4,30
64,2184,2184,9,13
65,3307,3307,11,2
66,3755,3755,2,16
67,2079,2079,10,23
68,356,356,7,14
69,3178,3178,8,7
70,2405,2405,10,21
71,879,879,10,10
72,966,966,9,20
73,4542,4542,7,5
74,2389,2389,9,10
75,3520,3520,2,12
76,3725,3725,10,2
77,3786,3786,7,12
78,986,986,10,8
79,1775,1775,6,6
80,240,240,1,23
81,2223,2223,7,30
82,3642,3642,12,8
83,4326,4326,7,9
84,494,494,3,24
85,718,718,4,22
86,4845,4845,10,7
87,2818,2818,11,17
88,4983,4983,9,18
89,777,777,11,29
90,419,419,5,20
91,1908,1908,4,8
92,2439,2439,2,28
93,1331,1331,7,30
94,3741,3741,11,30
95,2796,2796,5,9
96,2809,2809,5,5
97,4249,4249,7,23
98,4859,4859,2,10
99,3625,3625,7,20
100,3674,3674,12,25
101,1948,1948,5,6
102,3437,3437,10,9
103,4713,4713,1,15
104,2519,2519,7,3
105,1755,1755,6,9
106,3736,3736,11,2
107,65,65,2,12
108,1481,1481,1,16
109,1389,1389,6,8
110,2282,2282,5,30
111,1647,1647,8,31
112,1754,1754,4,16
113,3863,3863,1,4
114,4273,4273,3,7
115,199,199,3,26
116,3093,3093,7,30
117,1196,1196,5,21
118,2275,2275,5,20
119,576,576,11,24
120,11,11,9,10
121,4721,4721,5,10
122,4945,4945,6,16
123,3563,3563,5,16
124,4838,4838,4,30
125,1259,1259,11,22
126,745,745,1,8
127,531,531,3,17
128,1952,1952,2,16
129,3430,3430,4,19
130,3633,3633,2,27
131,2242,2242,8,15
132,2099,2099,9,22
133,2131,2131,4,14
134,2073,2073,11,30
135,1637,1637,3,13
136,250,250,7,9
137,3131,3131,7,24
138,2066,2066,4,15
139,3625,3625,8,23
140,1871,1871,7,9
141,4333,4333,4,12
142,3834,3834,11,23
143,1482,1482,6,27
144,4059,4059,11,29
145,3170,3170,2,10
146,1861,1861,9,20
147,4225,4225,4,15
148,3124,3124,4,12
149,3780,3780,3,15
150,4868,4868,10,31
151,4537,4537,5,22
152,589,589,12,9
153,3563,3563,7,15
154,17,17,9,3
155,309,309,1,17
156,3078,3078,12,2
157,1316,1316,9,7
158,76,76,1,29
159,4519,4519,1,7
160,1623,1623,11,7
161,2440,2440,8,5
162,2026,2026,8,17
163,951,951,7,12
164,962,962,5,13
165,4528,4528,3,6
166,2409,2409,9,18
167,475,475,7,13
168,3574,3574,3,2
169,2896,2896,8,24
170,4882,4882,11,13
171,1121,1121,4,17
172,3485,3485,4,29
173,4884,4884,6,30
174,3726,3726,2,2
175,1783,1783,2,3
176,2718,2718,1,18
177,2748,2748,11,5
178,3704,3704,5,18
179,1189,1189,2,8
180,970,970,7,3
181,4194,4194,4,5
182,1741,1741,12,12
183,1337,1337,4,23
184,2627,2627,9,13
185,3546,3546,11,4
186,1913,1913,10,26
187,4554,4554,4,29
188,4119,4119,12,23
189,4105,4105,11,30
190,2702,2702,7,27
191,1683,1683,9,25
192,421,421,10,25
193,3909,3909,6,7
194,3292,3292,3,28
195,3716,3716,4,6
196,2206,2206,1,13
197,1601,1601,12,13
198,1805,1805,4,19
199,2170,2170,10,14
200,4539,4539,11,7
201,2359,2359,1,15
202,4468,4468,6,14
203,2094,2094,7,3
204,3377,3377,9,18
205,3055,3055,3,11
206,1055,1055,10,2
207,3531,3531,6,8
208,2040,2040,11,1
209,1750,1750,12,21
210,355,355,8,10
211,520,520,3,14
212,1142,1142,1,26
213,1017,1017,1,20
214,1816,1816,9,16
215,2827,2827,4,13
216,1345,1345,8,1
217,1914,1914,4,4
218,406,406,6,18
219,4725,4725,11,26
220,2928,2928,10,20
221,4709,4709,1,31
222,2680,2680,9,25
223,572,572,6,3
224,4969,4969,5,10
225,654,654,11,25
226,849,849,10,10
227,2162,2162,8,28
228,1535,1535,3,14
229,3385,3385,4,3
230,4331,4331,5,21
231,3149,3149,8,16
232,1749,1749,6,26
233,780,780,4,15
234,2356,2356,1,29
235,2053,2053,4,18
236,3695,3695,3,7
237,1189,1189,8,17
238,301,301,6,9
239,550,550,9,5
240,3294,3294,7,16
241,3550,3550,2,6
242,4338,4338,4,19
243,3072,3072,4,2
244,3416,3416,12,9
245,4834,4834,12,14
246,3474,3474,3,31
247,4024,4024,5,7
248,3816,3816,10,16
249,1323,1323,2,28
250,4851,4851,9,28
251,776,776,9,26
252,4515,4515,6,28
253,399,399,7,9
254,4125,4125,5,4
255,2088,2088,4,2
256,1502,1502,9,11
257,3700,3700,4,30
258,4508,4508,1,11
259,4215,4215,5,6
260,4829,4829,2,7
261,1565,1565,12,11
262,3556,3556,8,27
263,2489,2489,12,6
264,1890,1890,4,21
265,4941,4941,1,3
266,546,546,4,24
267,3913,3913,8,9
268,3810,3810,6,11
269,2780,2780,10,18
270,4267,4267,12,8
271,2510,2510,5,27
272,4472,4472,2,20
273,2123,2123,3,5
274,171,171,7,18
275,3823,3823,6,5
276,2974,2974,4,5
277,2517,2517,7,2
278,1160,1160,12,23
279,77,77,10,9
280,894,894,2,9
281,2346,2346,3,23
282,578,578,10,2
283,2849,2849,11,20
284,3935,3935,8,6
285,3119,3119,12,8
286,1328,1328,6,21
287,1162,1162,12,19
288,3666,3666,6,3
289,186,186,1,23
290,3326,3326,7,10
291,351,351,9,5
292,1523,1523,7,7
293,1397,1397,2,24
294,2432,2432,10,23
295,3469,3469,3,9
296,2821,2821,12,16
297,2658,2658,2,10
298,3546,3546,11,5
299,3511,3511,10,22
300,1243,1243,3,9
301,4180,4180,11,29
302,1358,1358,9,2
303,1987,1987,12,26
304,4226,4226,2,8
305,196,196,7,31
306,3711,3711,10,12
307,3741,3741,8,6
308,4324,4324,2,22
309,681,681,12,24
310,2795,2795,7,10
311,2251,2251,2,21
312,4942,4942,3,20
313,707,707,4,5
314,3013,3013,9,13
315,1898,1898,5,12
316,2845,2845,8,2
317,1628,1628,1,18
318,2005,2005,9,5
319,136,136,5,29
320,2673,2673,11,25
321,1506,1506,1,14
322,3854,3854,12,8
323,4146,4146,5,22
324,436,436,7,6
325,218,218,6,24
326,1268,1268,5,27
327,3341,3341,8,5
328,1290,1290,7,27
329,1493,1493,3,24
330,4610,4610,1,16
331,4583,4583,11,20
332,3762,3762,8,16
333,2967,2967,3,9
334,4018,4018,9,8
335,122,122,8,13
336,3517,3517,2,15
337,575,575,2,9
338,1807,1807,8,1
339,133,133,12,12
340,2597,2597,8,5
341,1001,1001,5,20
342,382,382,3,13
343,1913,1913,10,18
344,3082,3082,11,27
345,796,796,11,7
346,97,97,12,22
347,1309,1309,7,1
348,4570,4570,2,18
349,3646,3646,1,9
350,4269,4269,3,16
351,3685,3685,1,26
352,23,23,4,8
353,3034,3034,3,3
354,1331,1331,2,8
355,1237,1237,8,9
356,1690,1690,10,22
357,684,684,10,6
358,3520,3520,7,14
359,131,131,1,21
360,3650,3650,5,24
361,30,30,6,15
362,4813,4813,7,20
363,316,316,11,28
364,1303,1303,9,26
365,1827,1827,9,3
366,1800,1800,7,25
367,2620,2620,9,7
368,4012,4012,12,12
369,4498,4498,9,8
370,2008,2008,3,25
371,4328,4328,12,28
372,4121,4121,10,10
373,2037,2037,11,30
374,1239,1239,12,29
375,4746,4746,1,14
376,3838,3838,7,2
377,860,860,8,7
378,1938,1938,10,25
379,382,382,11,30
380,4978,4978,7,23
381,4478,4478,1,5
382,4487,4487,12,21
383,1798,1798,3,26
384,3936,3936,11,2
385,4113,4113,6,7
386,1974,1974,12,4
387,2357,2357,5,26
388,2479,2479,10,22
389,3430,3430,5,19
390,3502,3502,10,14
391,3160,3160,3,29
392,2178,2178,8,27
393,1436,1436,2,10
394,45,45,12,26
395,2449,2449,11,17
396,250,250,4,4
397,112,112,4,13
398,2243,2243,5,17
399,3216,3216,6,28
400,2257,2257,8,15
401,2800,2800,5,31
402,36,36,11,30
403,3853,3853,6,2
404,1890,1890,9,3
405,25,25,3,12
406,3740,3740,5,27
407,535,535,12,29
408,3295,3295,12,6
409,891,891,8,3
410,766,766,11,8
411,504,504,10,27
412,2403,2403,9,5
413,3215,3215,8,26
414,111,111,5,28
415,4271,4271,10,4
416,3594,3594,1,25
417,4256,4256,6,15
418,1026,1026,5,10
419,2325,2325,4,23
420,582,582,8,15
421,1264,1264,12,1
422,4962,4962,6,23
423,817,817,10,5
424,3299,3299,6,21
425,4350,4350,5,19
426,2405,2405,6,13
427,3789,3789,2,14
428,286,286,9,23
429,4385,4385,6,28
430,3184,3184,5,15
431,4165,4165,12,6
432,2897,2897,9,8
433,2587,2587,9,29
434,4495,4495,2,12
435,3977,3977,6,27
436,2676,2676,5,31
437,4635,4635,3,28
438,3715,3715,12,10
439,4453,4453,9,29
440,3552,3552,3,15
441,2096,2096,8,30
442,833,833,8,29
443,2925,2925,7,9
444,253,253,1,24
445,4623,4623,8,27
446,4484,4484,6,3
447,4413,4413,4,28
448,3412,3412,6,9
449,4404,4404,11,30
450,485,485,9,25
451,4713,4713,5,25
452,1633,1633,2,13
453,295,295,3,24
454,4882,4882,4,15
455,2451,2451,8,19
456,4142,4142,7,5
457,810,810,5,4
458,3599,3599,3,3
459,89,89,10,21
460,4846,4846,6,30
461,2872,2872,9,29
462,854,854,3,18
463,1425,1425,2,19
464,4957,4957,11,9
465,301,301,9,21
466,2264,2264,6,17
467,894,894,12,4
468,1061,1061,11,2
469,4857,4857,8,16
470,1130,1130,10,2
471,4594,4594,1,12
472,1340,1340,6,19
473,950,950,8,10
474,1838,1838,12,26
475,2347,2347,4,20
476,2839,2839,8,2
477,1921,1921,12,31
478,880,880,1,12
479,3818,3818,2,4
480,3016,3016,10,3
481,4022,4022,9,5
482,2036,2036,2,27
483,4933,4933,8,28
484,598,598,6,23
485,940,940,10,9
486,1299,1299,12,18
487,2825,2825,11,26
488,1847,1847,5,18
489,2951,2951,7,15
490,3444,3444,7,22
491,2370,2370,3,29
492,3346,3346,7,3
493,2575,2575,3,22
494,604,604,5,12
495,4454,4454,7,26
496,2519,2519,2,4
497,1001,1001,8,8
498,4655,4655,5,24
499,2679,2679,2,21
500,894,894,1,23
501,190,190,4,2
502,2633,2633,1,22
503,1875,1875,7,5
504,2756,2756,7,31
505,285,285,5,22
506,3305,3305,10,12
507,4001,4001,10,28
508,1904,1904,1,22
509,4515,4515,5,2
510,4469,4469,10,11
511,2348,2348,2,6
512,1856,1856,11,16
513,1291,1291,7,20
514,266,266,1,24
515,4547,4547,4,4
516,2714,2714,9,8
517,508,508,12,10
518,3478,3478,6,19
519,2912,2912,4,1
520,3089,3089,3,22
521,2408,2408,5,11
522,1955,1955,1,12
523,3599,3599,2,7
524,3947,3947,10,18
525,3859,3859,1,1
526,4355,4355,12,14
527,310,310,10,25
528,1151,1151,10,2
529,3040,3040,1,18
530,3190,3190,7,5
531,1510,1510,4,21
532,752,752,7,24
533,4096,4096,6,3
534,2149,2149,4,12
535,561,561,7,25
536,671,671,1,26
537,4293,4293,4,1
538,2929,2929,11,5
539,2697,2697,4,19
540,336,336,10,25
541,690,690,3,10
542,3233,3233,9,29
543,4312,4312,5,23
544,4448,4448,12,27
545,1617,1617,6,30
546,1792,1792,5,19
547,2968,2968,8,5
548,683,683,5,3
549,410,410,8,12
550,3611,3611,8,13
551,2466,2466,1,17
552,2387,2387,3,23
553,1512,1512,5,12
554,2454,2454,8,27
555,4603,4603,2,20
556,3168,3168,4,10
557,1651,1651,3,1
558,3808,3808,5,9
559,161,161,10,8
560,3124,3124,4,29
561,3629,3629,2,10
562,2491,2491,10,25
563,2781,2781,12,4
564,4821,4821,1,22
565,1591,1591,11,9
566,2068,2068,2,13
567,3745,3745,12,18
568,3111,3111,1,25
569,4807,4807,6,23
570,1686,1686,6,4
571,2430,2430,10,2
572,3825,3825,12,22
573,12,12,1,8
574,4869,4869,7,21
575,3379,3379,10,18
576,3355,3355,1,24
577,2410,2410,7,8
578,3182,3182,9,16
579,3121,3121,2,2
580,4820,4820,5,9
581,4724,4724,6,9
582,4576,4576,6,26
583,795,795,10,16
584,727,727,1,31
585,1912,1912,3,29
586,2546,2546,3,14
587,4592,4592,12,16
588,2918,2918,12,31
589,4759,4759,10,26
590,2106,2106,5,14
591,1532,1532,1,12
592,71,71,1,22
593,223,223,10,14
594,607,607,6,8
595,2054,2054,3,28
596,4010,4010,7,23
597,4139,4139,9,25
598,2075,2075,5,1
599,2981,2981,5,8
600,4807,4807,4,15
601,3232,3232,3,16
602,4145,4145,1,7
603,3437,3437,2,18
604,1304,1304,5,1
605,2277,2277,5,14
606,1123,1123,1,25
607,3130,3130,7,5
608,3702,3702,3,2
609,2455,2455,1,3
610,337,337,11,12
611,2326,2326,1,9
612,367,367,9,30
613,450,450,10,30
614,4019,4019,10,19
615,3897,3897,5,11
616,1732,1732,5,11
617,1387,1387,11,22
618,3325,3325,8,20
619,2359,2359,10,22
620,890,890,10,21
621,4396,4396,7,24
622,2134,2134,4,23
623,3183,3183,1,15
624,4285,4285,3,22
625,1180,1180,5,14
626,735,735,8,12
627,4991,4991,8,11
628,595,595,8,24
629,3729,3729,3,4
630,3939,3939,11,1
631,1179,1179,4,30
632,4163,4163,1,28
633,932,932,12,13
634,3135,3135,10,23
635,1500,1500,2,28
636,3724,3724,11,6
637,2008,2008,4,9
638,4868,4868,11,26
639,1263,1263,11,7
640,689,689,9,5
641,4773,4773,7,17
642,1468,1468,4,3
643,270,270,11,5
644,496,496,3,21
645,2035,2035,1,5
646,2334,2334,2,10
647,1458,1458,6,30
648,4209,4209,7,13
649,4036,4036,11,9
650,4026,4026,6,20
651,459,459,9,17
652,121,121,11,11
653,3117,3117,3,1
654,3680,3680,2,6
655,4394,4394,5,13
656,3753,3753,2,17
657,88,88,12,17
658,463,463,9,29
659,4093,4093,5,26
660,1937,1937,9,4
661,4725,4725,9,19
662,3818,3818,3,29
663,4706,4706,1,22
664,4984,4984,12,29
665,2410,2410,7,10
666,3104,3104,2,2
667,3221,3221,4,4
668,2939,2939,8,24
669,2244,2244,2,15
670,2603,2603,10,6
671,1992,1992,4,11
672,2201,2201,1,13
673,3662,3662,9,15
674,343,343,1,1
675,1182,1182,9,17
676,2741,2741,10,24
677,1529,1529,9,24
678,1492,1492,5,23
679,3593,3593,12,14
680,314,314,1,6
681,1684,1684,6,24
682,2963,2963,5,24
683,4755,4755,8,15
684,3828,3828,6,14
685,3398,3398,10,14
686,576,576,5,24
687,2363,2363,10,17
688,3095,3095,2,13
689,4399,4399,8,11
690,2949,2949,11,11
691,3694,3694,9,27
692,1285,1285,5,25
693,4909,4909,9,18
694,2057,2057,2,17
695,298,298,6,6
696,2206,2206,9,19
697,1527,1527,3,9
698,2969,2969,4,10
699,4308,4308,3,11
700,4247,4247,12,12
701,3973,3973,12,18
702,3232,3232,8,22
703,3735,3735,9,7
704,4083,4083,3,1
705,3164,3164,12,10
706,4612,4612,11,27
707,891,891,4,9
708,1665,1665,4,20
709,465,465,9,7
710,895,895,7,23
711,2703,2703,9,17
712,1713,1713,7,21
713,1880,1880,7,5
714,1104,1104,6,30
715,4653,4653,4,24
716,2259,2259,1,21
717,1068,1068,3,22
718,1056,1056,2,5
719,3563,3563,1,3
720,3261,3261,6,9
721,4653,4653,2,24
722,970,970,5,31
723,3350,3350,2,17
724,670,670,2,8
725,1053,1053,6,16
726,4192,4192,7,26
727,3842,3842,6,10
728,1588,1588,7,31
729,2190,2190,6,11
730,192,192,5,24
731,924,924,10,27
732,541,541,7,28
733,4687,4687,9,21
734,178,178,9,24
735,866,866,10,17
736,530,530,4,24
737,4519,4519,12,26
738,2984,2984,12,13
739,668,668,9,15
740,2855,2855,8,6
741,2836,2836,2,27
742,4108,4108,5,28
743,4440,4440,11,11
744,3478,3478,7,15
745,3440,3440,4,24
746,4607,4607,3,29
747,1802,1802,9,25
748,1385,1385,3,31
749,3926,3926,10,12
750,517,517,9,14
751,2359,2359,2,2
752,2,2,8,20
753,3515,3515,4,19
754,1120,1120,9,28
755,1859,1859,11,27
756,4278,4278,2,1
757,4178,4178,3,10
758,3134,3134,8,10
759,4658,4658,6,28
760,1157,1157,1,19
761,3796,3796,9,25
762,4696,4696,11,8
763,22,22,7,27
764,4505,4505,8,19
765,3179,3179,3,8
766,381,381,1,28
767,408,408,2,15
768,4506,4506,4,11
769,1299,1299,1,18
770,1437,1437,6,23
771,1664,1664,8,17
772,4131,4131,11,7
773,2685,2685,2,8
774,329,329,11,17
775,3207,3207,5,5
776,2690,2690,2,3
777,3019,3019,7,5
778,4230,4230,6,28
779,3254,3254,1,1
780,2124,2124,12,31
781,3591,3591,1,19
782,2519,2519,5,14
783,2629,2629,4,1
784,4774,4774,3,31
785,4580,4580,9,14
786,613,613,11,14
787,4032,4032,8,22
788,4163,4163,1,31
789,2952,2952,2,22
790,2575,2575,12,6
791,356,356,9,5
792,1490,1490,3,31
793,1659,1659,4,26
794,1996,1996,3,19
795,4018,4018,7,18
796,2150,2150,8,15
797,362,362,12,13
798,2779,2779,3,9
799,399,399,2,7
800,874,874,12,12
801,4036,4036,3,5
802,1421,1421,6,11
803,2464,2464,12,5
804,2748,2748,4,19
805,4863,4863,7,10
806,401,401,3,2
807,1288,1288,11,9
808,1980,1980,2,17
809,3414,3414,1,7
810,416,416,4,19
811,1796,1796,9,17
812,3329,3329,6,8
813,2981,2981,4,11
814,738,738,11,21
815,2347,2347,4,30
816,4300,4300,9,29
817,892,892,5,20
818,1936,1936,3,22
819,2507,2507,3,17
820,4898,4898,6,12
821,1917,1917,12,23
822,957,957,1,5
823,2955,2955,11,27
824,4080,4080,12,30
825,2745,2745,3,2
826,2737,2737,8,31
827,1117,1117,2,11
828,2238,2238,5,23
829,731,731,1,16
830,838,838,2,24
831,1687,1687,7,14
832,3354,3354,12,10
833,1522,1522,8,7
834,3912,3912,7,29
835,2988,2988,7,30
836,1974,1974,4,12
837,4709,4709,4,23
838,3912,3912,8,29
839,453,453,2,24
840,538,538,4,3
841,4526,4526,12,6
842,2701,2701,1,23
843,400,400,10,13
844,3359,3359,2,22
845,4925,4925,10,22
846,4125,4125,7,8
847,912,912,7,31
848,4170,4170,10,2
849,109,109,9,18
850,1205,1205,5,5
851,4657,4657,9,7
852,2647,2647,9,16
853,817,817,7,15
854,4663,4663,3,2
855,3378,3378,7,9
856,953,953,4,1
857,1304,1304,2,21
858,4049,4049,4,11
859,2867,2867,1,24
860,3425,3425,3,20
861,3332,3332,11,17
862,3004,3004,2,3
863,4832,4832,12,29
864,3060,3060,7,13
865,1793,1793,6,24
866,4445,4445,1,20
867,1254,1254,2,10
868,4500,4500,2,4
869,521,521,1,20
870,1503,1503,8,14
871,3542,3542,1,14
872,4074,4074,12,24
873,2623,2623,9,6
874,3181,3181,4,20
875,3801,3801,12,19
876,4504,4504,11,3
877,100,100,11,18
878,2592,2592,7,3
879,3182,3182,9,8
880,3285,3285,5,7
881,1734,1734,8,23
882,1831,1831,1,18
883,3023,3023,5,28
884,1432,1432,4,27
885,2485,2485,2,19
886,945,945,8,16
887,3524,3524,12,14
888,528,528,10,31
889,3119,3119,6,13
890,196,196,11,5
891,4821,4821,2,15
892,3379,3379,2,18
893,1722,1722,8,9
894,1895,1895,3,9
895,4260,4260,3,17
896,601,601,9,7
897,2888,2888,6,28
898,1812,1812,9,13
899,2489,2489,10,2
900,1260,1260,2,14
901,4179,4179,12,11
902,4504,4504,7,10
903,491,491,7,5
904,3522,3522,5,5
905,1483,1483,8,5
906,2358,2358,6,28
907,4477,4477,6,2
908,560,560,9,2
909,957,957,12,27
910,291,291,6,19
911,3095,3095,1,16
912,2731,2731,12,4
913,4273,4273,4,10
914,2307,2307,3,29
915,1249,1249,1,27
916,155,155,10,8
917,685,685,8,23
918,4584,4584,8,27
919,3757,3757,4,12
920,3645,3645,1,2
921,3787,3787,7,8
922,4577,4577,3,17
923,1860,1860,7,5
924,1457,1457,6,30
925,2494,2494,3,13
926,673,673,2,28
927,1393,1393,5,14
928,3272,3272,9,8
929,518,518,1,6
930,4558,4558,4,18
931,3040,3040,9,4
932,4783,4783,9,4
933,1869,1869,5,8
934,260,260,12,5
935,4555,4555,8,21
936,3707,3707,11,24
937,1182,1182,8,21
938,2490,2490,11,20
939,844,844,6,13
940,2474,2474,9,2
941,2979,2979,10,7
942,2610,2610,3,10
943,427,427,8,28
944,721,721,8,4
945,3964,3964,5,1
946,3843,3843,11,17
947,4831,4831,4,28
948,3567,3567,4,1
949,2934,2934,8,14
950,1944,1944,2,20
951,4216,4216,5,8
952,3597,3597,1,14
953,3576,3576,12,25
954,369,369,3,26
955,1678,1678,12,3
956,4225,4225,11,27
957,3873,3873,5,8
958,1386,1386,7,24
959,2004,2004,1,11
960,4144,4144,3,26
961,1963,1963,6,17
962,1644,1644,5,31
963,385,385,4,21
964,3192,3192,6,7
965,3377,3377,3,7
966,3263,3263,1,28
967,1155,1155,5,22
968,1241,1241,12,24
969,1188,1188,3,5
970,1255,1255,3,10
971,3182,3182,1,17
972,2272,2272,3,28
973,3914,3914,4,18
974,4847,4847,2,11
975,4024,4024,6,11
976,576,576,11,24
977,1812,1812,4,13
978,448,448,5,12
979,4957,4957,10,29
980,3865,3865,7,30
981,4281,4281,1,7
982,4315,4315,4,2
983,2175,2175,2,18
984,1363,1363,9,3
985,3053,3053,6,17
986,3906,3906,9,16
987,3738,3738,6,20
988,4050,4050,11,2
989,4277,4277,6,4
990,2976,2976,9,28
991,1550,1550,6,11
992,694,694,10,11
993,2979,2979,5,4
994,237,237,11,2
995,3463,3463,1,2
996,1318,1318,6,13
997,3458,3458,8,8
998,4903,4903,7,23
999,1166,1166,4,15
1000,216,216,5,14
1001,2676,2676,5,16
1002,4292,4292,9,28
1003,829,829,5,28
1004,4085,4085,9,19
1005,1932,1932,10,18
1006,2536,2536,7,28
1007,2366,2366,10,13
1008,2584,2584,7,26
1009,1861,1861,8,17
1010,990,990,4,28
1011,460,460,2,7
1012,4052,4052,5,1
1013,683,683,9,15
1014,4993,4993,2,21
1015,2271,2271,1,24
1016,4048,4048,12,24
1017,204,204,8,14
1018,2335,2335,10,18
1019,3033,3033,10,24
1020,948,948,1,18
1021,2072,2072,9,18
1022,2119,2119,10,19
1023,1111,1111,12,18
1024,552,552,12,2
1025,3053,3053,11,16
1026,4013,4013,9,19
1027,2958,2958,9,2
1028,3191,3191,7,14
1029,3235,3235,5,11
1030,285,285,7,28
1031,2075,2075,7,4
1032,2162,2162,12,5
1033,2491,2491,1,6
1034,2114,2114,7,29
1035,292,292,9,16
1036,4043,4043,4,29
1037,2535,2535,12,19
1038,4008,4008,2,20
1039,2075,2075,4,11
1040,2685,2685,5,20
1041,3787,3787,1,29
1042,249,249,11,21
1043,230,230,8,27
1044,720,720,2,2
1045,1373,1373,1,16
1046,3773,3773,10,24
1047,192,192,12,28
1048,4957,4957,9,26
1049,1219,1219,1,3
1050,4715,4715,8,13
1051,3830,3830,6,1
1052,666,666,12,21
1053,3437,3437,6,10
1054,2584,2584,2,13
1055,1408,1408,1,18
1056,1701,1701,12,4
1057,2796,2796,12,29
1058,955,955,11,1
1059,1631,1631,8,21
1060,2464,2464,3,2
1061,2378,2378,7,6
1062,4520,4520,4,23
1063,4746,4746,1,30
1064,174,174,11,20
1065,3691,3691,5,20
1066,3078,3078,4,5
1067,1422,1422,9,9
1068,1857,1857,7,4
1069,1393,1393,6,29
1070,1264,1264,10,9
1071,2729,2729,5,17
1072,2280,2280,11,3
1073,1546,1546,5,9
1074,819,819,8,13
1075,2511,2511,12,29
1076,965,965,6,20
1077,3143,3143,11,11
1078,4739,4739,7,23
1079,1503,1503,10,31
1080,1188,1188,2,23
1081,85,85,12,3
1082,1202,1202,8,12
1083,2422,2422,5,11
1084,1274,1274,1,28
1085,1429,1429,9,26
1086,4573,4573,6,9
1087,4079,4079,4,9
1088,3604,3604,6,4
1089,4129,4129,4,8
1090,2778,2778,8,8
1091,2588,2588,11,13
1092,2113,2113,12,17
1093,2966,2966,6,9
1094,1179,1179,10,31
1095,614,614,8,20
1096,3695,3695,9,3
1097,1386,1386,3,8
1098,3527,3527,9,11
1099,1663,1663,6,2
1100,3802,3802,11,1
1101,125,125,1,9
1102,1269,1269,11,30
1103,753,753,6,2
1104,1997,1997,3,3
1105,1470,1470,10,4
1106,1327,1327,7,25
1107,2867,2867,1,5
1108,2584,2584,7,3
1109,925,925,9,15
1110,4064,4064,8,16
1111,4140,4140,1,7
1112,1973,1973,7,9
1113,1906,1906,6,7
1114,1418,1418,12,16
1115,432,432,5,13
1116,2481,2481,4,1
1117,280,280,10,12
1118,1693,1693,11,20
1119,145,145,11,9
1120,954,954,1,26
1121,4620,4620,6,11
1122,2690,2690,9,18
1123,2991,2991,5,1
1124,518,518,1,11
1125,269,269,9,20
1126,3697,3697,5,15
1127,4307,4307,9,8
1128,3613,3613,7,26
1129,3396,3396,12,28
1130,2621,2621,10,14
1131,3357,3357,5,26
1132,3082,3082,8,8
1133,224,224,8,10
1134,2132,2132,3,10
1135,885,885,6,11
1136,2266,2266,11,23
1137,201,201,7,10
1138,3460,3460,8,3
1139,4496,4496,1,8
1140,2959,2959,7,27
1141,137,137,3,6
1142,4534,4534,10,31
1143,2672,2672,7,17
1144,3057,3057,10,30
1145,3357,3357,1,3
1146,3817,3817,6,28
1147,1938,1938,2,19
1148,654,654,7,11
1149,35,35,6,27
1150,56,56,3,30
1151,1371,1371,5,22
1152,4455,4455,8,7
1153,4517,4517,10,10
1154,3594,3594,3,25
1155,4157,4157,11,6
1156,115,115,9,30
1157,1291,1291,10,28
1158,38,38,11,15
1159,2247,2247,8,1
1160,3199,3199,11,19
1161,3834,3834,9,5
1162,979,979,1,24
1163,3468,3468,4,30
1164,3480,3480,10,17
1165,3521,3521,9,26
1166,2130,2130,10,29
1167,4024,4024,7,6
1168,2512,2512,9,17
1169,3902,3902,9,4
1170,1938,1938,5,5
1171,3225,3225,4,7
1172,1395,1395,1,28
1173,4797,4797,8,20
1174,2927,2927,3,18
1175,4040,4040,9,23
1176,4862,4862,10,26
1177,1236,1236,6,2
1178,2031,2031,1,27
1179,1573,1573,9,10
1180,1384,1384,8,9
1181,2437,2437,11,17
1182,2632,2632,1,4
1183,272,272,11,20
1184,2319,2319,7,3
1185,4050,4050,10,15
1186,590,590,11,30
1187,3688,3688,8,2
1188,2444,2444,8,23
1189,181,181,6,22
1190,3893,3893,9,5
1191,910,910,8,20
1192,145,145,10,25
1193,4987,4987,10,13
1194,531,531,4,9
1195,3134,3134,2,1
1196,1010,1010,3,9
1197,3491,3491,4,19
1198,1894,1894,7,5
1199,3453,3453,12,15
1200,3568,3568,6,1
1201,1209,1209,3,25
1202,2731,2731,12,11
1203,3942,3942,5,24
1204,1024,1024,12,1
1205,1813,1813,5,15
1206,3587,3587,11,30
1207,3701,3701,6,7
1208,3204,3204,5,27
1209,3436,3436,7,31
1210,2353,2353,1,18
1211,2794,2794,9,25
1212,525,525,6,8
1213,266,266,9,9
1214,41,41,2,22
1215,4859,4859,10,6
1216,4971,4971,10,22
1217,602,602,11,1
1218,3721,3721,11,12
1219,1105,1105,4,21
1220,2125,2125,9,13
1221,3037,3037,6,26
1222,2989,2989,2,8
1223,4964,4964,10,30
1224,2682,2682,11,23
1225,151,151,12,4
1226,852,852,7,4
1227,1647,1647,9,13
1228,3133,3133,9,15
1229,38,38,8,19
1230,144,144,4,5
1231,4658,4658,1,7
1232,4922,4922,7,25
1233,756,756,5,5
1234,2081,2081,8,23
1235,3124,3124,5,11
1236,1759,1759,3,7
1237,4774,4774,8,26
1238,299,299,7,20
1239,2403,2403,9,26
1240,3518,3518,10,26
1241,2201,2201,5,14
1242,1304,1304,4,20
1243,3505,3505,2,6
1244,273,273,3,22
1245,361,361,8,4
1246,4055,4055,5,19
1247,1292,1292,5,11
1248,1460,1460,10,14
1249,1915,1915,11,7
1250,1264,1264,12,16
1251,2058,2058,5,18
1252,859,859,2,18
1253,4282,4282,11,24
1254,292,292,3,13
1255,4895,4895,4,5
1256,3689,3689,4,20
1257,4946,4946,6,7
1258,4467,4467,10,22
1259,706,706,5,26
1260,2201,2201,11,13
1261,1065,1065,6,17
1262,1665,1665,2,23
1263,2805,2805,1,21
1264,312,312,2,4
1265,272,272,7,3
1266,186,186,10,29
1267,3962,3962,2,23
1268,169,169,3,16
1269,2279,2279,12,20
1270,4305,4305,3,15
1271,2882,2882,2,14
1272,4733,4733,1,15
1273,1976,1976,4,30
1274,2751,2751,9,12
1275,3301,3301,10,25
1276,2176,2176,4,27
1277,385,385,6,1
1278,2255,2255,5,29
1279,2200,2200,11,11
1280,2315,2315,10,15
1281,206,206,6,7
1282,4329,4329,3,19
1283,4428,4428,2,20
1284,1070,1070,10,20
1285,125,125,6,13
1286,1319,1319,9,11
1287,1346,1346,10,3
1288,1988,1988,2,24
1289,1005,1005,6,13
1290,2016,2016,9,20
1291,435,435,7,5
1292,1578,1578,10,30
1293,121,121,3,9
1294,2777,2777,9,19
1295,3592,3592,8,22
1296,2520,2520,8,9
1297,2668,2668,12,30
1298,479,479,9,26
1299,3801,3801,1,5
1300,2432,2432,11,10
1301,702,702,3,13
1302,366,366,12,11
1303,2038,2038,9,11
1304,1752,1752,4,22
1305,4402,4402,10,12
1306,216,216,8,24
1307,133,133,6,22
1308,4587,4587,12,2
1309,2471,2471,12,14
1310,4203,4203,7,25
1311,2339,2339,12,18
1312,43,43,6,1
1313,4388,4388,10,30
1314,2317,2317,11,22
1315,3636,3636,10,13
1316,2202,2202,6,21
1317,4867,4867,4,11
1318,1012,1012,8,2
1319,4791,4791,10,7
1320,2093,2093,3,31
1321,1857,1857,3,12
1322,3597,3597,6,21
1323,1401,1401,1,18
1324,4910,4910,1,23
1325,4034,4034,5,5
1326,489,489,4,17
1327,1337,1337,10,1
1328,4888,4888,7,6
1329,4328,4328,8,25
1330,2829,2829,2,25
1331,916,916,10,1
1332,2429,2429,7,14
1333,3429,3429,10,9
1334,4006,4006,8,17
1335,2870,2870,3,23
1336,4333,4333,11,15
1337,396,396,2,24
1338,839,839,6,16
1339,4208,4208,3,7
1340,1825,1825,5,26
1341,1277,1277,2,5
1342,3748,3748,7,12
1343,3778,3778,9,16
1344,165,165,3,12
1345,3497,3497,9,28
1346,1217,1217,5,10
1347,2239,2239,3,11
1348,2865,2865,2,12
1349,4779,4779,3,2
1350,3135,3135,5,1
1351,529,529,6,26
1352,2800,2800,2,20
1353,840,840,6,7
1354,4078,4078,4,4
1355,2730,2730,9,9
1356,3975,3975,7,3
1357,3240,3240,10,20
1358,2301,2301,12,4
1359,2089,2089,3,20
1360,4685,4685,2,1
1361,2870,2870,1,2
1362,153,153,12,4
1363,2282,2282,2,12
1364,411,411,7,27
1365,4226,4226,5,5
1366,4437,4437,12,6
1367,3582,3582,5,4
1368,3017,3017,3,13
1369,3747,3747,7,26
1370,3888,3888,5,27
1371,3571,3571,1,6
1372,567,567,6,12
1373,1014,1014,9,24
1374,4487,4487,7,19
1375,1568,1568,2,6
1376,3230,3230,5,4
1377,1383,1383,6,7
1378,2806,2806,1,28
1379,4950,4950,2,17
1380,3752,3752,1,13
1381,1876,1876,12,1
1382,3677,3677,3,3
1383,4753,4753,12,14
1384,4312,4312,8,10
1385,3138,3138,4,20
1386,1075,1075,8,17
1387,1729,1729,1,3
1388,4650,4650,8,7
1389,2861,2861,5,9
1390,1954,1954,9,18
1391,4281,4281,6,5
1392,4541,4541,12,2
1393,4456,4456,6,30
1394,3077,3077,1,9
1395,4371,4371,9,30
1396,1082,1082,7,13
1397,1133,1133,5,1
1398,2655,2655,12,2
1399,2350,2350,3,4
1400,1472,1472,12,29
1401,3847,3847,9,2
1402,4859,4859,10,9
1403,1770,1770,7,18
1404,189,189,12,12
1405,3892,3892,4,19
1406,2494,2494,4,10
1407,2296,2296,4,10
1408,2837,2837,12,6
1409,2186,2186,7,18
1410,612,612,3,5
1411,3876,3876,8,25
1412,1317,1317,7,1
1413,1362,1362,6,27
1414,1753,1753,6,23
1415,1113,1113,7,30
1416,1919,1919,9,25
1417,4825,4825,1,25
1418,2753,2753,7,26
1419,4977,4977,2,5
1420,4492,4492,7,29
1421,2029,2029,7,31
1422,3938,3938,11,22
1423,3384,3384,12,27
1424,4804,4804,8,12
1425,1039,1039,5,30
1426,2347,2347,5,11
1427,4029,4029,7,20
1428,1851,1851,5,9
1429,4803,4803,6,29
1430,1733,1733,3,6
1431,1403,1403,3,9
1432,1857,1857,3,12
1433,2971,2971,1,21
1434,3252,3252,3,6
1435,787,787,11,26
1436,3187,3187,6,28
1437,2669,2669,3,16
1438,1006,1006,4,13
1439,4598,4598,2,14
1440,1210,1210,10,22
1441,188,188,10,23
1442,3103,3103,9,25
1443,2077,2077,7,1
1444,693,693,7,25
1445,371,371,12,17
1446,2805,2805,1,12
1447,1982,1982,9,5
1448,4936,4936,8,5
1449,2412,2412,2,4
1450,3697,3697,9,15
1451,3259,3259,8,10
1452,1748,1748,8,17
1453,1181,1181,2,1
1454,1438,1438,6,23
1455,1764,1764,2,19
1456,231,231,3,18
1457,2222,2222,9,18
1458,2477,2477,6,17
1459,3083,3083,7,22
1460,1680,1680,7,13
1461,3025,3025,4,29
1462,1220,1220,6,16
1463,4077,4077,12,17
1464,4850,4850,12,17
1465,3309,3309,2,2
1466,2669,2669,8,5
1467,1858,1858,12,1
1468,4298,4298,7,20
1469,3901,3901,1,11
1470,1287,1287,1,5
1471,925,925,2,20
1472,1016,1016,3,7
1473,2510,2510,1,20
1474,4834,4834,11,29
1475,2645,2645,12,7
1476,4944,4944,7,18
1477,1158,1158,2,24
1478,2319,2319,1,11
1479,3925,3925,8,28
1480,3841,3841,7,24
1481,348,348,10,24
1482,1221,1221,9,11
1483,1566,1566,6,27
1484,2546,2546,2,24
1485,1501,1501,10,24
1486,1939,1939,12,5
1487,3778,3778,9,18
1488,2649,2649,5,18
1489,2540,2540,6,16
1490,2607,2607,4,30
1491,1700,1700,6,18
1492,1876,1876,1,8
1493,1676,1676,1,18
1494,2592,2592,8,31
1495,3463,3463,7,13
1496,3943,3943,6,16
1497,4484,4484,1,15
1498,2301,2301,10,4
1499,1843,1843,12,8
1500,1206,1206,12,31
1501,918,918,6,11
1502,734,734,5,28
1503,164,164,1,15
1504,2120,2120,12,19
1505,4238,4238,8,10
1506,3656,3656,3,1
1507,4197,4197,3,25
1508,396,396,11,16
1509,228,228,12,23
1510,3359,3359,8,6
1511,4244,4244,7,22
1512,4153,4153,5,28
1513,2001,2001,10,7
1514,2232,2232,10,22
1515,1725,1725,10,27
1516,1911,1911,6,25
1517,4618,4618,2,17
1518,4357,4357,9,29
1519,3994,3994,5,7
1520,3473,3473,1,10
1521,910,910,12,4
1522,3275,3275,1,22
1523,4713,4713,2,19
1524,271,271,7,25
1525,4617,4617,8,15
1526,2772,2772,9,18
1527,4147,4147,8,29
1528,3382,3382,10,2
1529,2495,2495,3,7
1530,3394,3394,10,12
1531,4578,4578,9,13
1532,718,718,11,2
1533,4616,4616,5,18
1534,1481,1481,7,12
1535,513,513,3,20
1536,3801,3801,6,14
1537,2197,2197,4,17
1538,3551,3551,3,23
1539,261,261,8,14
1540,3849,3849,11,18
1541,4167,4167,3,19
1542,548,548,3,27
1543,3486,3486,4,4
1544,3926,3926,12,23
1545,3217,3217,1,19
1546,3098,3098,8,21
1547,1272,1272,1,22
1548,798,798,3,16
1549,1125,1125,9,8
1550,656,656,6,18
1551,1683,1683,4,9
1552,404,404,8,21
1553,3075,3075,6,28
1554,3760,3760,6,4
1555,1902,1902,1,16
1556,4862,4862,2,21
1557,1828,1828,5,5
1558,147,147,5,7
1559,1894,1894,7,24
1560,615,615,8,26
1561,31,31,9,3
1562,128,128,4,23
1563,1709,1709,5,9
1564,3344,3344,7,30
1565,3752,3752,10,19
1566,7,7,12,25
1567,4054,4054,3,22
1568,1985,1985,12,12
1569,3219,3219,8,19
1570,4937,4937,10,4
1571,460,460,1,20
1572,2419,2419,3,27
1573,4073,4073,10,8
1574,3926,3926,5,23
1575,3551,3551,2,17
1576,1800,1800,2,15
1577,4852,4852,11,27
1578,4223,4223,3,20
1579,2051,2051,11,10
1580,2801,2801,10,23
1581,3197,3197,4,26
1582,1432,1432,5,19
1583,2704,2704,9,21
1584,3493,3493,1,2
1585,3716,3716,10,11
1586,4045,4045,11,21
1587,2877,2877,6,9
1588,2420,2420,12,19
1589,4235,4235,11,8
1590,910,910,2,18
1591,2823,2823,7,10
1592,2246,2246,3,24
1593,1521,1521,8,28
1594,1273,1273,2,24
1595,4209,4209,9,29
1596,2218,2218,2,15
1597,310,310,6,23
1598,1327,1327,8,18
1599,293,293,2,18
1600,2981,2981,2,22
1601,4344,4344,3,2
1602,2886,2886,11,4
1603,3683,3683,4,2
1604,3926,3926,2,25
1605,4160,4160,6,29
1606,1127,1127,4,8
1607,2581,2581,8,2
1608,3907,3907,8,31
1609,876,876,12,3
1610,3290,3290,9,15
1611,2040,2040,10,12
1612,1484,1484,2,22
1613,3525,3525,8,24
1614,41,41,5,31
1615,1008,1008,1,5
1616,1171,1171,1,4
1617,1979,1979,9,12
1618,1900,1900,6,28
1619,1400,1400,11,30
1620,4956,4956,2,28
1621,2423,2423,9,27
1622,863,863,7,21
1623,1069,1069,10,9
1624,4139,4139,2,9
1625,2420,2420,8,11
1626,196,196,11,22
1627,500,500,3,26
1628,2947,2947,4,8
1629,892,892,10,12
1630,850,850,10,14
1631,3355,3355,6,8
1632,1160,1160,2,11
1633,3257,3257,4,4
1634,2769,2769,9,18
1635,4341,4341,1,17
1636,1450,1450,3,21
1637,2909,2909,3,8
1638,3189,3189,8,30
1639,4892,4892,8,27
1640,1488,1488,11,13
1641,508,508,1,11
1642,4059,4059,2,25
1643,1679,1679,9,16
1644,2858,2858,3,24
1645,2062,2062,2,28
1646,1282,1282,11,5
1647,311,311,5,26
1648,913,913,8,31
1649,3178,3178,1,27
1650,4037,4037,2,11
1651,4816,4816,1,12
1652,1922,1922,9,26
1653,990,990,7,19
1654,4224,4224,4,14
1655,4315,4315,10,24
1656,3120,3120,3,2
1657,1474,1474,9,22
1658,1088,1088,1,27
1659,3809,3809,2,23
1660,4722,4722,11,6
1661,779,779,7,25
1662,2719,2719,5,26
1663,1272,1272,5,2
1664,1435,1435,9,11
1665,4080,4080,12,17
1666,1695,1695,9,15
1667,4025,4025,1,30
1668,4676,4676,9,30
1669,321,321,2,21
1670,3153,3153,12,8
1671,1655,1655,9,19
1672,3245,3245,7,1
1673,457,457,12,15
1674,1571,1571,2,5
1675,2307,2307,11,23
1676,2919,2919,10,15
1677,3096,3096,3,28
1678,2684,2684,3,27
1679,189,189,6,29
1680,461,461,7,30
1681,4439,4439,5,13
1682,3615,3615,9,1
1683,4945,4945,1,20
1684,3282,3282,8,6
1685,4445,4445,1,1
1686,2649,2649,10,12
1687,2053,2053,6,3
1688,2624,2624,2,9
1689,51,51,7,14
1690,51,51,11,27
1691,261,261,7,9
1692,193,193,9,6
1693,1760,1760,9,20
1694,1282,1282,4,16
1695,2410,2410,7,5
1696,2421,2421,7,12
1697,3446,3446,7,8
1698,1274,1274,3,27
1699,4506,4506,6,6
1700,989,989,8,1
1701,3180,3180,7,7
1702,4615,4615,7,9
1703,4641,4641,4,26
1704,898,898,10,16
1705,2548,2548,3,20
1706,3309,3309,5,27
1707,1301,1301,2,6
1708,2220,2220,1,31
1709,4946,4946,4,21
1710,526,526,4,2
1711,2407,2407,10,22
1712,4842,4842,1,18
1713,3357,3357,12,4
1714,4417,4417,1,15
1715,3254,3254,10,2
1716,428,428,4,13
1717,848,848,3,22
1718,3987,3987,1,14
1719,976,976,5,21
1720,409,409,11,9
1721,4762,4762,4,25
1722,2616,2616,9,13
1723,2444,2444,5,29
1724,195,195,5,20
1725,1599,1599,10,20
1726,3640,3640,7,23
1727,4772,4772,7,17
1728,4167,4167,6,8
1729,1079,1079,11,11
1730,2698,2698,11,7
1731,2723,2723,10,3
1732,4364,4364,8,5
1733,3762,3762,9,8
1734,1557,1557,12,5
1735,3495,3495,1,15
1736,1788,1788,6,3
1737,3436,3436,4,25
1738,1245,1245,4,2
1739,1020,1020,9,2
1740,4132,4132,11,20
1741,2346,2346,9,7
1742,1633,1633,9,18
1743,2893,2893,12,27
1744,2362,2362,10,29
1745,3472,3472,7,5
1746,1458,1458,12,3
1747,4593,4593,3,26
1748,4442,4442,10,16
1749,690,690,7,7
1750,1952,1952,8,16
1751,1579,1579,11,1
1752,4483,4483,2,5
1753,1155,1155,12,7
1754,1418,1418,2,23
1755,1558,1558,10,29
1756,4148,4148,2,10
1757,4300,4300,4,26
1758,3982,3982,5,11
1759,698,698,5,8
1760,2002,2002,10,17
1761,4886,4886,7,27
1762,2665,2665,12,21
1763,2233,2233,5,14
1764,2414,2414,5,8
1765,4148,4148,12,19
1766,3167,3167,9,10
1767,3286,3286,8,2
1768,1654,1654,9,1
1769,4397,4397,4,19
1770,18,18,5,28
1771,4066,4066,8,27
1772,4868,4868,3,12
1773,447,447,12,4
1774,3010,3010,2,14
1775,4895,4895,7,27
1776,153,153,12,5
1777,2447,2447,2,25
1778,4615,4615,10,11
1779,3671,3671,8,24
1780,1328,1328,11,21
1781,4511,4511,4,25
1782,359,359,7,28
1783,3868,3868,2,9
1784,1761,1761,4,9
1785,3219,3219,3,20
1786,2202,2202,3,27
1787,2416,2416,5,20
1788,630,630,4,5
1789,1250,1250,5,8
1790,575,575,8,12
1791,3258,3258,1,20
1792,2855,2855,1,2
1793,1100,1100,10,21
1794,4913,4913,7,5
1795,714,714,1,21
1796,276,276,11,23
1797,4241,4241,3,27
1798,312,312,3,6
1799,3894,3894,2,14
1800,380,380,12,4
1801,4438,4438,3,28
1802,2112,2112,1,18
1803,2450,2450,9,3
1804,2707,2707,1,1
1805,4477,4477,10,4
1806,443,443,4,1
1807,4459,4459,7,13
1808,652,652,5,1
1809,668,668,1,27
1810,3882,3882,12,27
1811,2338,2338,8,10
1812,796,796,6,21
1813,1961,1961,12,21
1814,1482,1482,12,8
1815,921,921,5,10
1816,2975,2975,10,28
1817,2711,2711,8,4
1818,1212,1212,10,27
1819,2258,2258,4,30
1820,687,687,2,24
1821,3318,3318,5,2
1822,4469,4469,12,30
1823,2885,2885,8,6
1824,4892,4892,4,18
1825,430,430,12,30
1826,1300,1300,12,13
1827,2217,2217,2,15
1828,72,72,8,27
1829,336,336,12,9
1830,365,365,12,20
1831,440,440,8,14
1832,2443,2443,5,19
1833,2064,2064,1,29
1834,1374,1374,5,18
1835,3481,3481,12,14
1836,2363,2363,9,26
1837,2045,2045,5,19
1838,2135,2135,8,2
1839,4272,4272,4,21
1840,3743,3743,10,29
1841,1070,1070,9,15
1842,4681,4681,2,12
1843,457,457,10,6
1844,797,797,6,21
1845,2150,2150,1,23
1846,2166,2166,10,29
1847,3419,3419,1,30
1848,504,504,4,28
1849,3146,3146,3,9
1850,2934,2934,10,2
1851,4928,4928,11,23
1852,3041,3041,5,1
1853,2894,2894,12,14
1854,2807,2807,3,21
1855,1340,1340,5,11
1856,53,53,2,26
1857,1652,1652,2,17
1858,289,289,2,17
1859,2092,2092,1,29
1860,897,897,4,24
1861,3954,3954,8,11
1862,692,692,4,3
1863,1995,1995,10,29
1864,2695,2695,2,19
1865,3373,3373,7,14
1866,2068,2068,2,23
1867,368,368,1,1
1868,1512,1512,2,1
1869,4102,4102,6,16
1870,1577,1577,10,31
1871,3477,3477,6,13
1872,3457,3457,4,21
1873,4460,4460,9,18
1874,1318,1318,2,2
1875,810,810,7,7
1876,2606,2606,7,3
1877,3368,3368,8,8
1878,2829,2829,8,22
1879,4847,4847,1,21
1880,2431,2431,2,1
1881,3296,3296,10,8
1882,3272,3272,1,1
1883,1607,1607,8,9
1884,1744,1744,2,6
1885,2381,2381,6,8
1886,4299,4299,4,27
1887,1918,1918,9,22
1888,1126,1126,3,22
1889,2803,2803,8,19
1890,2101,2101,7,24
1891,2741,2741,8,18
1892,883,883,1,20
1893,4540,4540,4,24
1894,2649,2649,10,31
1895,485,485,4,15
1896,2212,2212,11,14
1897,636,636,1,18
1898,2580,2580,7,25
1899,4914,4914,8,6
1900,1392,1392,10,28
1901,2396,2396,11,24
1902,2710,2710,7,2
1903,2107,2107,1,18
1904,95,95,5,12
1905,3877,3877,10,30
1906,4360,4360,7,7
1907,4080,4080,12,24
1908,3179,3179,2,1
1909,4360,4360,1,12
1910,3986,3986,7,1
1911,955,955,6,25
1912,1054,1054,4,17
1913,2992,2992,8,28
1914,4613,4613,4,27
1915,2134,2134,3,24
1916,2849,2849,5,5
1917,1950,1950,9,9
1918,4122,4122,5,29
1919,4204,4204,3,4
1920,2251,2251,10,9
1921,2615,2615,10,12
1922,265,265,5,16
1923,164,164,2,15
1924,3587,3587,10,31
1925,1006,1006,10,9
1926,3054,3054,11,5
1927,3423,3423,5,6
1928,3231,3231,7,13
1929,3173,3173,7,28
1930,4081,4081,9,1
1931,3644,3644,11,8
1932,2492,2492,2,6
1933,134,134,10,17
1934,1399,1399,7,16
1935,4065,4065,11,3
1936,3645,3645,5,29
1937,2532,2532,9,6
1938,414,414,4,26
1939,2096,2096,8,18
1940,1628,1628,2,22
1941,2950,2950,11,17
1942,3741,3741,5,28
1943,4001,4001,3,22
1944,4253,4253,5,9
1945,4965,4965,2,15
1946,4960,4960,2,8
1947,3063,3063,2,16
1948,1289,1289,7,17
1949,835,835,1,6
1950,3840,3840,12,11
1951,2016,2016,3,9
1952,2892,2892,8,18
1953,953,953,4,20
1954,786,786,1,8
1955,4271,4271,11,22
1956,3986,3986,8,31
1957,1867,1867,11,29
1958,4787,4787,7,7
1959,4023,4023,5,4
1960,3379,3379,7,2
1961,4897,4897,11,6
1962,3605,3605,3,23
1963,4259,4259,7,15
1964,1080,1080,11,8
1965,4433,4433,9,28
1966,1753,1753,1,28
1967,2354,2354,1,22
1968,2359,2359,12,8
1969,1256,1256,7,23
1970,4200,4200,8,27
1971,684,684,1,8
1972,1174,1174,6,16
1973,3160,3160,3,28
1974,11,11,9,23
1975,3415,3415,5,31
1976,3746,3746,9,6
1977,4041,4041,6,6
1978,3922,3922,9,18
1979,4426,4426,7,19
1980,2451,2451,9,28
1981,3373,3373,10,30
1982,2566,2566,8,27
1983,4885,4885,8,23
1984,2550,2550,10,15
1985,2003,2003,2,21
1986,4470,4470,10,12
1987,3581,3581,6,30
1988,3729,3729,8,20
1989,4273,4273,2,19
1990,4968,4968,8,29
1991,1516,1516,12,21
1992,3699,3699,9,27
1993,2493,2493,6,24
1994,471,471,5,26
1995,1418,1418,9,5
1996,576,576,5,10
1997,14,14,10,7
1998,248,248,8,19
1999,1284,1284,6,19
2000,620,620,8,24
2001,229,229,5,22
2002,1838,1838,4,20
2003,2980,2980,6,24
2004,597,597,3,4
2005,3603,3603,11,4
2006,4258,4258,4,15
2007,1603,1603,3,18
2008,3159,3159,3,21
2009,557,557,8,12
2010,4888,4888,12,7
2011,2485,2485,12,4
2012,4467,4467,1,18
2013,3676,3676,2,17
2014,1824,1824,5,12
2015,2132,2132,11,23
2016,4629,4629,6,17
2017,1991,1991,4,27
2018,2353,2353,9,26
2019,3351,3351,5,17
2020,2672,2672,11,21
2021,1208,1208,8,9
2022,206,206,4,28
2023,581,581,3,2
2024,1763,1763,1,31
2025,2611,2611,7,26
2026,3854,3854,2,24
2027,2812,2812,8,1
2028,2835,2835,1,15
2029,4017,4017,8,9
2030,1371,1371,11,22
2031,2337,2337,10,26
2032,708,708,11,19
2033,3270,3270,6,23
2034,4304,4304,11,27
2035,758,758,9,6
2036,3750,3750,10,31
2037,573,573,2,28
2038,3991,3991,3,12
2039,752,752,9,1
2040,3451,3451,3,8
2041,4288,4288,10,9
2042,1574,1574,12,25
2043,2025,2025,2,20
2044,2879,2879,11,13
2045,1592,1592,11,28
2046,707,707,3,13
2047,2977,2977,3,13
2048,3335,3335,11,5
2049,3961,3961,8,3
2050,3238,3238,10,16
2051,898,898,8,29
2052,3529,3529,3,3
2053,3878,3878,9,14
2054,1741,1741,7,16
2055,1606,1606,1,6
2056,1783,1783,12,12
2057,1342,1342,2,11
2058,1201,1201,1,7
2059,3848,3848,9,11
2060,2831,2831,5,27
2061,4075,4075,12,1
2062,3366,3366,11,20
2063,2058,2058,12,28
2064,4547,4547,2,13
2065,2862,2862,10,7
2066,1772,1772,2,23
2067,967,967,3,4
2068,2864,2864,9,13
2069,2299,2299,3,13
2070,3528,3528,8,16
2071,3919,3919,9,29
2072,4524,4524,9,16
2073,822,822,11,13
2074,4558,4558,4,19
2075,58,58,2,12
2076,1953,1953,9,7
2077,4513,4513,11,22
2078,3265,3265,1,18
2079,4732,4732,4,22
2080,3839,3839,9,2
2081,1089,1089,10,26
2082,1661,1661,6,6
2083,3784,3784,8,17
2084,3492,3492,3,30
2085,742,742,10,12
2086,2657,2657,6,20
2087,452,452,8,25
2088,2405,2405,1,19
2089,1088,1088,6,5
2090,1963,1963,9,15
2091,2046,2046,1,14
2092,1087,1087,11,9
2093,1643,1643,1,7
2094,4009,4009,11,30
2095,2477,2477,7,18
2096,831,831,2,20
2097,4722,4722,7,27
2098,3977,3977,5,19
2099,181,181,6,12
2100,3528,3528,4,21
2101,3306,3306,4,18
2102,1247,1247,9,12
2103,1568,1568,3,29
2104,3694,3694,6,23
2105,745,745,10,3
2106,4309,4309,12,10
2107,3982,3982,11,15
2108,1061,1061,2,28
2109,299,299,6,26
2110,355,355,5,8
2111,3259,3259,5,1
2112,4268,4268,11,7
2113,1846,1846,1,19
2114,2510,2510,5,22
2115,2196,2196,1,4
2116,1190,1190,1,19
2117,3766,3766,2,3
2118,307,307,2,11
2119,3628,3628,12,20
2120,3332,3332,11,29
2121,2583,2583,5,10
2122,4421,4421,7,20
2123,1820,1820,3,26
2124,1014,1014,10,31
2125,4187,4187,2,16
2126,4247,4247,3,1
2127,2550,2550,12,10
2128,4073,4073,7,23
2129,820,820,8,8
2130,4327,4327,7,14
2131,4775,4775,9,13
2132,4574,4574,1,7
2133,4552,4552,7,4
2134,4537,4537,1,1
2135,2660,2660,6,6
2136,1562,1562,6,26
2137,2875,2875,6,19
2138,56,56,7,20
2139,946,946,9,15
2140,3734,3734,6,10
2141,3391,3391,7,8
2142,4988,4988,3,27
2143,3217,3217,2,23
2144,3588,3588,8,14
2145,649,649,9,21
2146,3084,3084,7,5
2147,4794,4794,11,15
2148,4106,4106,4,30
2149,3079,3079,8,17
2150,206,206,8,11
2151,3417,3417,5,30
2152,2578,2578,6,19
2153,1598,1598,8,13
2154,3374,3374,6,20
2155,1016,1016,7,11
2156,3708,3708,1,3
2157,4364,4364,12,22
2158,2054,2054,4,26
2159,226,226,7,14
2160,3271,3271,12,7
2161,3830,3830,5,10
2162,3610,3610,8,10
2163,2750,2750,2,19
2164,1814,1814,11,10
2165,2140,2140,1,21
2166,1196,1196,1,25
2167,1641,1641,4,23
2168,3193,3193,4,5
2169,4121,4121,9,10
2170,814,814,2,28
2171,1886,1886,1,30
2172,1475,1475,9,23
2173,2236,2236,4,25
2174,2352,2352,5,15
2175,4787,4787,6,20
2176,2222,2222,6,24
2177,1170,1170,1,27
2178,987,987,3,15
2179,1618,1618,10,30
2180,1211,1211,12,3
2181,3643,3643,11,11
2182,1507,1507,6,1
2183,3272,3272,1,3
2184,2604,2604,5,10
2185,3112,3112,8,2
2186,685,685,9,21
2187,879,879,3,17
2188,2697,2697,6,5
2189,4658,4658,12,11
2190,2982,2982,12,23
2191,4184,4184,8,24
2192,1931,1931,11,10
2193,2111,2111,8,10
2194,3673,3673,12,16
2195,2226,2226,9,1
2196,1968,1968,10,8
2197,67,67,1,30
2198,597,597,1,21
2199,4417,4417,1,27
2200,2019,2019,10,19
2201,1392,1392,2,5
2202,2381,2381,12,25
2203,420,420,2,20
2204,4357,4357,1,6
2205,926,926,3,16
2206,4207,4207,1,20
2207,990,990,11,24
2208,1085,1085,10,7
2209,1405,1405,1,26
2210,4602,4602,8,3
2211,1678,1678,3,10
2212,4142,4142,4,12
2213,2481,2481,6,16
2214,1826,1826,8,24
2215,2705,2705,10,26
2216,3937,3937,9,13
2217,976,976,6,19
2218,4143,4143,5,3
2219,2941,2941,4,22
2220,4056,4056,12,14
2221,3003,3003,11,12
2222,1549,1549,2,17
2223,4167,4167,8,7
2224,986,986,4,19
2225,4970,4970,2,10
2226,3119,3119,8,12
2227,1809,1809,11,6
2228,4069,4069,4,2
2229,1642,1642,9,29
2230,2748,2748,9,6
2231,2998,2998,1,2
2232,4807,4807,9,24
2233,1072,1072,2,5
2234,677,677,8,19
2235,3388,3388,1,3
2236,4529,4529,6,18
2237,4961,4961,12,19
2238,82,82,12,8
2239,2515,2515,3,23
2240,4177,4177,11,18
2241,4290,4290,2,23
2242,3631,3631,2,8
2243,784,784,7,20
2244,45,45,4,14
2245,1789,1789,8,28
2246,3717,3717,11,13
2247,4238,4238,10,25
2248,731,731,6,3
2249,2969,2969,2,24
2250,118,118,5,20
2251,120,120,12,21
2252,4004,4004,5,22
2253,2041,2041,9,10
2254,3370,3370,10,27
2255,3795,3795,4,1
2256,2626,2626,9,26
2257,2696,2696,11,20
2258,1659,1659,7,3
2259,4953,4953,8,30
2260,744,744,7,22
2261,1075,1075,12,11
2262,3940,3940,5,13
2263,1988,1988,12,1
2264,1644,1644,8,29
2265,408,408,5,20
2266,3311,3311,4,29
2267,954,954,6,13
2268,263,263,8,17
2269,3838,3838,7,24
2270,3967,3967,8,29
2271,2666,2666,5,8
2272,4765,4765,8,7
2273,931,931,7,7
2274,1364,1364,8,7
2275,3129,3129,2,1
2276,2111,2111,1,12
2277,3366,3366,12,4
2278,1884,1884,12,16
2279,3620,3620,7,26
2280,4683,4683,6,21
2281,4595,4595,7,29
2282,1723,1723,9,27
2283,3726,3726,3,23
2284,272,272,10,13
2285,4953,4953,11,19
2286,4703,4703,1,15
2287,3253,3253,2,9
2288,2927,2927,5,27
2289,271,271,4,1
2290,4175,4175,5,11
2291,1056,1056,11,6
2292,3514,3514,11,15
2293,309,309,6,1
2294,1997,1997,7,31
2295,416,416,4,8
2296,3332,3332,1,1
2297,1070,1070,11,23
2298,4806,4806,4,26
2299,2265,2265,12,18
2300,3128,3128,9,11
2301,651,651,4,25
2302,1343,1343,12,26
2303,2729,2729,6,21
2304,1785,1785,4,12
2305,4611,4611,4,8
2306,2185,2185,8,5
2307,957,957,3,26
2308,1263,1263,8,13
2309,3680,3680,3,9
2310,1318,1318,4,9
2311,2168,2168,6,18
2312,3403,3403,2,2
2313,110,110,3,28
2314,1988,1988,9,2
2315,4925,4925,11,21
2316,1429,1429,1,21
2317,4263,4263,7,9
2318,4967,4967,9,28
2319,4101,4101,7,12
2320,4919,4919,2,1
2321,4724,4724,2,10
2322,1020,1020,10,22
2323,1559,1559,1,24
2324,1987,1987,5,16
2325,1042,1042,7,7
2326,2503,2503,1,30
2327,3559,3559,2,19
2328,2305,2305,7,27
2329,1435,1435,1,29
2330,3013,3013,6,30
2331,2914,2914,7,26
2332,3828,3828,9,5
2333,3679,3679,12,4
2334,2694,2694,5,3
2335,1023,1023,2,18
2336,2743,2743,3,31
2337,3448,3448,10,22
2338,1731,1731,8,20
2339,4173,4173,9,3
2340,2050,2050,11,10
2341,964,964,10,16
2342,503,503,3,4
2343,604,604,3,4
2344,4266,4266,1,20
2345,915,915,3,9
2346,4249,4249,3,11
2347,3076,3076,8,23
2348,3590,3590,3,7
2349,941,941,12,20
2350,989,989,3,11
2351,917,917,9,14
2352,443,443,3,1
2353,4744,4744,12,6
2354,4316,4316,11,16
2355,3616,3616,10,7
2356,2248,2248,6,18
2357,2062,2062,8,17
2358,616,616,2,13
2359,618,618,7,13
2360,1841,1841,8,19
2361,1004,1004,7,28
2362,1406,1406,7,7
2363,984,984,8,17
2364,3512,3512,9,28
2365,3095,3095,11,14
2366,4297,4297,12,23
2367,1904,1904,1,4
2368,66,66,3,20
2369,3121,3121,7,20
2370,2167,2167,7,11
2371,2193,2193,5,23
2372,3236,3236,10,28
2373,4030,4030,4,20
2374,1721,1721,7,26
2375,4476,4476,7,13
2376,2035,2035,2,27
2377,4070,4070,6,29
2378,1957,1957,7,8
2379,1731,1731,6,2
2380,1644,1644,9,23
2381,1019,1019,5,12
2382,4276,4276,5,30
2383,2698,2698,1,20
2384,3173,3173,6,26
2385,1660,1660,9,17
2386,48,48,10,27
2387,2563,2563,12,29
2388,2650,2650,11,17
2389,1028,1028,4,18
2390,665,665,12,4
2391,4112,4112,12,22
2392,2228,2228,3,31
2393,2774,2774,12,28
2394,1138,1138,6,12
2395,1269,1269,7,2
2396,1046,1046,1,20
2397,2591,2591,3,20
2398,1262,1262,7,24
2399,1972,1972,8,14
2400,3847,3847,6,28
2401,998,998,9,3
2402,3614,3614,3,23
2403,1691,1691,3,22
2404,2404,2404,10,4
2405,3684,3684,9,16
2406,3290,3290,6,10
2407,1502,1502,10,7
2408,3495,3495,10,16
2409,3091,3091,8,20
2410,1662,1662,5,20
2411,477,477,10,9
2412,1377,1377,3,9
2413,4596,4596,7,27
2414,4767,4767,1,12
2415,2995,2995,9,30
2416,905,905,11,13
2417,1317,1317,6,5
2418,2499,2499,4,12
2419,3939,3939,12,17
2420,2161,2161,4,20
2421,2801,2801,4,12
2422,2498,2498,7,3
2423,1931,1931,11,5
2424,4630,4630,5,11
2425,1046,1046,9,17
2426,3033,3033,3,27
2427,2721,2721,4,4
2428,532,532,11,24
2429,2398,2398,9,29
2430,2887,2887,1,12
2431,1321,1321,8,1
2432,1626,1626,4,6
2433,4519,4519,7,22
2434,1685,1685,7,28
2435,1907,1907,3,8
2436,1409,1409,3,1
2437,468,468,7,20
2438,2331,2331,11,29
2439,879,879,4,12
2440,450,450,3,17
2441,812,812,9,29
2442,3411,3411,10,15
2443,2471,2471,2,15
2444,2892,2892,12,9
2445,2840,2840,8,31
2446,4163,4163,11,13
2447,4318,4318,4,25
2448,2229,2229,10,14
2449,4591,4591,8,22
2450,3741,3741,10,18
2451,3632,3632,1,1
2452,1598,1598,3,28
2453,2292,2292,8,6
2454,92,92,3,12
2455,2684,2684,4,22
2456,1616,1616,12,10
2457,1522,1522,7,18
2458,3607,3607,3,5
2459,4673,4673,5,14
2460,4353,4353,12,3
2461,2380,2380,12,10
2462,753,753,1,19
2463,3028,3028,11,25
2464,1017,1017,1,30
2465,747,747,6,24
2466,4565,4565,12,26
2467,3289,3289,6,8
2468,3669,3669,2,24
2469,1808,1808,6,13
2470,3213,3213,1,9
2471,470,470,6,14
2472,4902,4902,8,2
2473,1382,1382,4,27
2474,3290,3290,4,12
2475,4122,4122,9,2
2476,3495,3495,12,12
2477,1257,1257,11,15
2478,4259,4259,4,19
2479,191,191,8,17
2480,1584,1584,2,27
2481,2809,2809,9,25
2482,2851,2851,12,18
2483,723,723,4,11
2484,3817,3817,9,9
2485,3139,3139,11,11
2486,651,651,7,24
2487,2760,2760,3,26
2488,3789,3789,4,20
2489,1303,1303,1,8
2490,3094,3094,6,30
2491,3221,3221,5,12
2492,4712,4712,1,22
2493,3578,3578,6,10
2494,4944,4944,9,19
2495,1861,1861,5,14
2496,455,455,7,27
2497,3397,3397,8,27
2498,1888,1888,4,20
2499,4513,4513,3,12
2500,1513,1513,5,2
2501,4018,4018,7,21
2502,1246,1246,4,30
2503,583,583,8,26
2504,731,731,9,2
2505,4185,4185,5,14
2506,3328,3328,12,15
2507,4971,4971,3,6
2508,4670,4670,2,14
2509,4230,4230,1,2
2510,284,284,11,18
2511,2725,2725,7,18
2512,4840,4840,7,7
2513,4697,4697,6,15
2514,4510,4510,8,15
2515,2360,2360,3,31
2516,3511,3511,8,3
2517,3577,3577,1,23
2518,4346,4346,8,26
2519,1239,1239,4,30
2520,1613,1613,1,25
2521,1827,1827,11,5
2522,2050,2050,10,12
2523,2422,2422,12,3
2524,4580,4580,3,6
2525,3992,3992,8,10
2526,3219,3219,3,23
2527,975,975,11,28
2528,733,733,7,12
2529,4812,4812,6,5
2530,4003,4003,4,20
2531,4762,4762,7,30
2532,4812,4812,7,9
2533,71,71,7,29
2534,1156,1156,6,26
2535,4711,4711,4,27
2536,996,996,3,18
2537,2696,2696,2,24
2538,2064,2064,3,10
2539,2944,2944,8,25
2540,4149,4149,5,30
2541,2830,2830,1,9
2542,3929,3929,5,26
2543,3690,3690,10,30
2544,1055,1055,12,22
2545,3950,3950,9,25
2546,1581,1581,8,19
2547,3,3,3,4
2548,1090,1090,2,13
2549,1673,1673,8,11
2550,605,605,5,9
2551,2702,2702,7,27
2552,4000,4000,8,4
2553,3012,3012,12,17
2554,4261,4261,7,9
2555,4158,4158,8,6
2556,874,874,1,5
2557,656,656,10,22
2558,2807,2807,8,15
2559,1484,1484,1,18
2560,2178,2178,8,8
2561,2613,2613,7,12
2562,3652,3652,4,13
2563,1510,1510,4,11
2564,345,345,7,19
2565,136,136,4,26
2566,2121,2121,7,18
2567,260,260,1,23
2568,4919,4919,11,14
2569,363,363,1,22
2570,4763,4763,12,5
2571,4603,4603,4,2
2572,1540,1540,1,26
2573,1642,1642,7,18
2574,3586,3586,11,19
2575,2217,2217,9,8
2576,4378,4378,3,2
2577,3427,3427,9,28
2578,552,552,2,4
2579,3204,3204,10,17
2580,4325,4325,8,6
2581,4250,4250,8,1
2582,1680,1680,9,7
2583,4451,4451,4,21
2584,378,378,10,14
2585,1462,1462,4,4
2586,302,302,11,13
2587,1051,1051,12,26
2588,3010,3010,5,18
2589,4956,4956,9,10
2590,468,468,10,25
2591,4046,4046,6,5
2592,3339,3339,11,14
2593,681,681,3,12
2594,3323,3323,6,11
2595,4935,4935,5,12
2596,2621,2621,8,31
2597,4277,4277,11,28
2598,1365,1365,10,23
2599,3169,3169,4,25
2600,4408,4408,7,22
2601,1539,1539,2,21
2602,1708,1708,2,9
2603,1223,1223,1,15
2604,1136,1136,12,11
2605,4278,4278,4,22
2606,2608,2608,3,15
2607,1109,1109,11,21
2608,2730,2730,9,16
2609,473,473,6,21
2610,3565,3565,3,1
2611,1851,1851,9,8
2612,1616,1616,1,25
2613,1850,1850,11,3
2614,2818,2818,3,24
2615,695,695,8,4
2616,1140,1140,7,11
2617,2074,2074,4,26
2618,4936,4936,8,9
2619,1660,1660,8,10
2620,1114,1114,5,21
2621,1177,1177,1,26
2622,17,17,12,18
2623,640,640,1,28
2624,474,474,10,12
2625,1697,1697,1,19
2626,602,602,11,11
2627,3971,3971,11,24
2628,210,210,10,7
2629,3818,3818,5,5
2630,1627,1627,11,21
2631,3754,3754,9,11
2632,3285,3285,7,1
2633,2160,2160,6,10
2634,4949,4949,5,14
2635,2460,2460,4,2
2636,2770,2770,11,9
2637,2108,2108,8,5
2638,1058,1058,2,4
2639,1572,1572,3,28
2640,4916,4916,3,18
2641,3030,3030,3,18
2642,1450,1450,4,28
2643,3328,3328,7,24
2644,3488,3488,11,10
2645,3143,3143,2,6
2646,4751,4751,2,3
2647,1969,1969,12,27
2648,4305,4305,12,4
2649,1736,1736,2,1
2650,443,443,4,17
2651,3491,3491,11,16
2652,2776,2776,5,29
2653,4396,4396,3,6
2654,719,719,3,29
2655,2865,2865,12,8
2656,3585,3585,8,16
2657,4902,4902,4,27
2658,4836,4836,8,26
2659,3325,3325,2,22
2660,2421,2421,7,6
2661,4622,4622,3,6
2662,1407,1407,8,19
2663,4804,4804,7,4
2664,1145,1145,1,25
2665,4864,4864,12,9
2666,3346,3346,4,26
2667,221,221,5,2
2668,3316,3316,4,16
2669,3255,3255,4,30
2670,3921,3921,9,30
2671,3744,3744,10,23
2672,174,174,7,12
2673,1404,1404,5,23
2674,3645,3645,8,28
2675,4784,4784,7,1
2676,465,465,10,2
2677,2178,2178,10,14
2678,2996,2996,5,14
2679,2709,2709,3,24
2680,4049,4049,11,12
2681,1178,1178,10,1
2682,4705,4705,5,17
2683,1103,1103,12,25
2684,3110,3110,6,29
2685,3957,3957,5,3
2686,3233,3233,10,29
2687,781,781,12,18
2688,1291,1291,6,9
2689,4613,4613,11,2
2690,3301,3301,3,10
2691,889,889,6,10
2692,2425,2425,12,17
2693,3587,3587,5,9
2694,2362,2362,5,6
2695,1269,1269,12,6
2696,377,377,10,7
2697,3207,3207,4,1
2698,39,39,5,21
2699,4877,4877,7,19
2700,2525,2525,8,18
2701,719,719,3,11
2702,2693,2693,5,15
2703,2427,2427,7,7
2704,2554,2554,8,17
2705,579,579,5,17
2706,4185,4185,6,1
2707,25,25,8,13
2708,2426,2426,1,22
2709,2502,2502,5,16
2710,4273,4273,9,10
2711,1644,1644,5,11
2712,3241,3241,10,21
2713,3772,3772,3,20
2714,3637,3637,1,31
2715,4123,4123,3,4
2716,506,506,11,23
2717,791,791,1,22
2718,4107,4107,5,22
2719,2297,2297,3,4
2720,3909,3909,8,30
2721,1570,1570,1,5
2722,3591,3591,5,23
2723,4797,4797,6,26
2724,2733,2733,5,9
2725,2336,2336,3,18
2726,3364,3364,4,5
2727,3094,3094,5,16
2728,268,268,8,29
2729,3958,3958,1,5
2730,559,559,1,2
2731,2975,2975,11,24
2732,1228,1228,8,20
2733,4444,4444,1,6
2734,2961,2961,7,16
2735,2102,2102,3,2
2736,4461,4461,4,9
2737,2949,2949,12,9
2738,1159,1159,10,4
2739,2569,2569,7,11
2740,2496,2496,11,11
2741,2096,2096,4,30
2742,1795,1795,11,22
2743,2540,2540,11,28
2744,4792,4792,10,22
2745,1152,1152,1,31
2746,4777,4777,5,8
2747,3466,3466,3,6
2748,781,781,4,9
2749,496,496,11,26
2750,2771,2771,10,26
2751,1236,1236,2,19
2752,4719,4719,9,25
2753,282,282,6,7
2754,4420,4420,7,9
2755,1963,1963,12,20
2756,2616,2616,11,19
2757,1710,1710,4,22
2758,1479,1479,6,4
2759,3907,3907,3,11
2760,2990,2990,11,21
2761,4046,4046,10,31
2762,4908,4908,9,12
2763,4489,4489,6,18
2764,740,740,1,29
2765,4870,4870,12,23
2766,1631,1631,12,20
2767,2923,2923,2,24
2768,2469,2469,1,21
2769,1698,1698,10,29
2770,163,163,2,13
2771,3310,3310,1,14
2772,4078,4078,9,18
2773,1017,1017,8,16
2774,3056,3056,8,22
2775,3895,3895,5,25
2776,4444,4444,6,18
2777,2224,2224,1,26
2778,1590,1590,8,9
2779,101,101,6,14
2780,3871,3871,5,1
2781,764,764,9,4
2782,1668,1668,10,24
2783,2117,2117,5,10
2784,2447,2447,7,3
2785,95,95,8,22
2786,3084,3084,10,24
2787,2879,2879,7,24
2788,2751,2751,3,27
2789,2466,2466,9,2
2790,3108,3108,10,17
2791,467,467,2,4
2792,3674,3674,12,1
2793,1186,1186,5,23
2794,4312,4312,5,21
2795,3409,3409,2,6
2796,2314,2314,1,24
2797,3284,3284,10,4
2798,2775,2775,6,2
2799,1217,1217,9,17
2800,2421,2421,11,2
2801,2068,2068,2,22
2802,3677,3677,7,22
2803,3540,3540,2,20
2804,2584,2584,5,27
2805,4328,4328,4,22
2806,3803,3803,6,27
2807,482,482,7,10
2808,2668,2668,3,21
2809,3437,3437,2,21
2810,4183,4183,11,9
2811,3034,3034,12,10
2812,1451,1451,6,13
2813,2582,2582,12,23
2814,1769,1769,1,25
2815,2240,2240,2,6
2816,1140,1140,6,4
2817,4351,4351,1,9
2818,4012,4012,7,15
2819,4316,4316,1,12
2820,950,950,6,19
2821,4649,4649,5,28
2822,4735,4735,5,16
2823,2729,2729,4,5
2824,2477,2477,1,15
2825,3501,3501,10,28
2826,439,439,9,22
2827,845,845,9,5
2828,382,382,6,23
2829,1833,1833,3,13
2830,3043,3043,5,30
2831,1620,1620,8,17
2832,3207,3207,8,12
2833,63,63,5,21
2834,1364,1364,11,15
2835,1809,1809,6,13
2836,3572,3572,3,23
2837,3983,3983,2,4
2838,1390,1390,6,26
2839,2176,2176,7,2
2840,3650,3650,1,28
2841,2632,2632,6,29
2842,2280,2280,1,9
2843,3154,3154,7,21
2844,1675,1675,10,10
2845,4553,4553,11,21
2846,4387,4387,3,3
2847,3548,3548,5,13
2848,3814,3814,12,31
2849,276,276,9,25
2850,2973,2973,11,8
2851,2268,2268,12,15
2852,856,856,12,17
2853,1914,1914,6,28
2854,4176,4176,11,19
2855,3247,3247,6,12
2856,981,981,8,12
2857,687,687,12,24
2858,1038,1038,3,26
2859,4842,4842,5,10
2860,3347,3347,3,30
2861,4498,4498,9,29
2862,3519,3519,6,2
2863,4317,4317,3,29
2864,2214,2214,10,31
2865,646,646,4,9
2866,3494,3494,3,4
2867,3199,3199,3,18
2868,1035,1035,1,16
2869,355,355,4,14
2870,4983,4983,1,20
2871,2230,2230,4,22
2872,4204,4204,6,25
2873,4012,4012,9,20
2874,528,528,2,12
2875,2337,2337,4,1
2876,3018,3018,1,26
2877,544,544,4,20
2878,3296,3296,3,10
2879,1467,1467,2,27
2880,2015,2015,12,8
2881,3188,3188,6,22
2882,678,678,1,28
2883,1527,1527,2,3
2884,2011,2011,2,6
2885,1742,1742,7,3
2886,2149,2149,2,9
2887,91,91,11,17
2888,4250,4250,8,11
2889,1602,1602,3,23
2890,1120,1120,10,9
2891,4918,4918,5,27
2892,805,805,1,19
2893,944,944,4,4
2894,3501,3501,3,11
2895,3437,3437,2,26
2896,2442,2442,9,28
2897,4203,4203,7,31
2898,399,399,1,25
2899,7,7,12,9
2900,3093,3093,3,9
2901,1323,1323,5,27
2902,2219,2219,8,6
2903,2476,2476,9,26
2904,4407,4407,12,25
2905,1532,1532,9,15
2906,3520,3520,3,7
2907,642,642,11,25
2908,701,701,2,8
2909,4321,4321,8,10
2910,1417,1417,5,2
2911,3671,3671,2,18
2912,4675,4675,2,5
2913,1664,1664,6,2
2914,1838,1838,5,16
2915,1373,1373,9,19
2916,2850,2850,4,29
2917,762,762,5,24
2918,808,808,1,25
2919,1952,1952,11,6
2920,2484,2484,9,28
2921,3808,3808,12,20
2922,83,83,3,13
2923,1842,1842,1,19
2924,4782,4782,4,12
2925,4975,4975,8,28
2926,624,624,2,19
2927,2707,2707,12,5
2928,4895,4895,3,21
2929,1641,1641,11,18
2930,2703,2703,10,24
2931,1583,1583,9,20
2932,3483,3483,6,10
2933,4428,4428,11,19
2934,3690,3690,6,3
2935,1557,1557,10,22
2936,1287,1287,10,29
2937,1415,1415,1,16
2938,3875,3875,3,14
2939,4240,4240,3,1
2940,3250,3250,11,24
2941,4354,4354,3,9
2942,1953,1953,5,19
2943,4864,4864,3,24
2944,3506,3506,3,29
2945,395,395,6,29
2946,3661,3661,4,25
2947,4023,4023,4,15
2948,2597,2597,5,2
2949,3456,3456,11,18
2950,1184,1184,5,16
2951,3008,3008,3,3
2952,3320,3320,10,12
2953,986,986,9,21
2954,2782,2782,4,10
2955,3869,3869,9,26
2956,2517,2517,10,31
2957,3107,3107,5,23
2958,2140,2140,4,26
2959,1952,1952,11,21
2960,501,501,2,9
2961,1113,1113,1,1
2962,1463,1463,12,28
2963,4914,4914,8,4
2964,2469,2469,7,21
2965,3490,3490,3,18
2966,4533,4533,8,20
2967,4412,4412,9,12
2968,479,479,2,27
2969,1019,1019,12,10
2970,1575,1575,7,27
2971,4911,4911,9,9
2972,4008,4008,8,8
2973,3237,3237,10,30
2974,4998,4998,8,30
2975,1778,1778,8,31
2976,2082,2082,11,6
2977,4801,4801,8,21
2978,2140,2140,2,22
2979,79,79,12,3
2980,2355,2355,2,9
2981,2945,2945,12,13
2982,3569,3569,8,26
2983,554,554,2,5
2984,1483,1483,11,2
2985,3428,3428,1,1
2986,4205,4205,4,2
2987,2358,2358,12,8
2988,4919,4919,7,7
2989,321,321,10,6
2990,3719,3719,8,14
2991,2964,2964,8,28
2992,4257,4257,11,8
2993,922,922,7,5
2994,4667,4667,5,11
2995,2608,2608,9,27
2996,4341,4341,11,16
2997,4712,4712,6,20
2998,4225,4225,6,12
2999,4022,4022,1,15
3000,2694,2694,10,19
3001,3802,3802,12,4
3002,4554,4554,1,3
3003,2150,2150,7,11
3004,2295,2295,8,19
3005,261,261,3,30
3006,4798,4798,3,6
3007,4113,4113,7,12
3008,3521,3521,7,24
3009,1400,1400,5,22
3010,3032,3032,6,24
3011,1696,1696,7,3
3012,4702,4702,7,15
3013,749,749,2,14
3014,1078,1078,10,22
3015,2459,2459,7,20
3016,3483,3483,4,26
3017,2614,2614,5,9
3018,2242,2242,2,2
3019,1336,1336,4,21
3020,4677,4677,8,20
3021,293,293,10,22
3022,1541,1541,1,12
3023,3872,3872,7,1
3024,1478,1478,3,14
3025,4695,4695,6,27
3026,3094,3094,1,27
3027,588,588,6,11
3028,3386,3386,11,10
3029,1342,1342,3,12
3030,888,888,9,17
3031,539,539,9,5
3032,905,905,9,24
3033,1187,1187,10,17
3034,4169,4169,7,22
3035,2640,2640,8,19
3036,2724,2724,8,3
3037,2218,2218,4,19
3038,3760,3760,12,14
3039,754,754,10,22
3040,3158,3158,8,9
3041,4967,4967,7,1
3042,1061,1061,3,27
3043,362,362,3,16
3044,3952,3952,12,27
3045,3492,3492,11,21
3046,1100,1100,3,28
3047,4485,4485,5,31
3048,623,623,9,6
3049,4550,4550,3,15
3050,3464,3464,3,3
3051,2053,2053,9,15
3052,2796,2796,3,23
3053,1499,1499,2,20
3054,1716,1716,6,4
3055,1668,1668,10,5
3056,637,637,6,25
3057,2890,2890,8,5
3058,4582,4582,1,30
3059,3992,3992,11,17
3060,961,961,4,21
3061,1550,1550,1,3
3062,2435,2435,1,24
3063,2416,2416,3,15
3064,3853,3853,9,1
3065,1969,1969,12,9
3066,4287,4287,4,8
3067,1665,1665,8,7
3068,592,592,5,31
3069,929,929,12,23
3070,2820,2820,4,5
3071,4051,4051,8,19
3072,3742,3742,9,1
3073,4543,4543,8,9
3074,4720,4720,1,6
3075,863,863,2,17
3076,96,96,5,18
3077,559,559,11,3
3078,4653,4653,5,27
3079,1155,1155,10,1
3080,2079,2079,5,31
3081,2199,2199,6,7
3082,3372,3372,2,4
3083,1964,1964,2,25
3084,4427,4427,2,18
3085,3440,3440,4,1
3086,1713,1713,9,19
3087,2833,2833,9,22
3088,4817,4817,6,19
3089,1653,1653,2,9
3090,4111,4111,7,25
3091,427,427,7,25
3092,4690,4690,7,23
3093,2555,2555,1,12
3094,3679,3679,10,8
3095,4896,4896,12,20
3096,4870,4870,10,6
3097,3796,3796,1,31
3098,2480,2480,11,10
3099,4752,4752,7,24
3100,4817,4817,12,11
3101,542,542,5,16
3102,4335,4335,4,28
3103,2494,2494,5,8
3104,3053,3053,2,4
3105,2612,2612,9,15
3106,996,996,10,27
3107,51,51,5,28
3108,2645,2645,11,3
3109,3430,3430,11,10
3110,1444,1444,9,5
3111,2173,2173,1,24
3112,1102,1102,3,9
3113,351,351,8,18
3114,1077,1077,11,5
3115,1767,1767,8,1
3116,2862,2862,12,1
3117,3773,3773,11,21
3118,1089,1089,8,14
3119,4076,4076,9,15
3120,606,606,9,3
3121,323,323,6,1
3122,2707,2707,12,1
3123,461,461,4,11
3124,3184,3184,8,26
3125,3477,3477,7,12
3126,1788,1788,4,1
3127,2405,2405,11,24
3128,4856,4856,11,9
3129,2239,2239,9,21
3130,2174,2174,2,5
3131,2895,2895,12,9
3132,349,349,4,9
3133,311,311,4,20
3134,1296,1296,3,18
3135,1483,1483,10,28
3136,2292,2292,2,13
3137,3284,3284,8,28
3138,218,218,8,24
3139,4847,4847,6,3
3140,3503,3503,9,21
3141,962,962,1,27
3142,3870,3870,4,15
3143,365,365,12,19
3144,3607,3607,10,24
3145,3846,3846,5,18
3146,3640,3640,8,17
3147,1245,1245,8,12
3148,550,550,12,16
3149,3806,3806,5,18
3150,1355,1355,2,9
3151,595,595,8,20
3152,2101,2101,6,15
3153,4971,4971,10,31
3154,3347,3347,4,17
3155,2360,2360,2,28
3156,1118,1118,8,9
3157,4113,4113,6,13
3158,3994,3994,11,21
3159,2475,2475,3,29
3160,4757,4757,10,25
3161,3363,3363,3,13
3162,1185,1185,8,14
3163,4527,4527,7,16
3164,1410,1410,5,12
3165,3160,3160,12,20
3166,134,134,12,9
3167,374,374,4,10
3168,1807,1807,2,4
3169,3826,3826,9,28
3170,3724,3724,11,20
3171,1309,1309,5,25
3172,4479,4479,5,30
3173,244,244,4,1
3174,1692,1692,6,28
3175,3376,3376,1,11
3176,3562,3562,10,31
3177,4356,4356,6,27
3178,2015,2015,10,19
3179,1216,1216,11,9
3180,1151,1151,2,14
3181,1538,1538,12,11
3182,4619,4619,10,1
3183,4260,4260,9,24
3184,4705,4705,12,21
3185,2551,2551,11,11
3186,3180,3180,12,22
3187,4648,4648,5,9
3188,317,317,5,23
3189,3438,3438,3,22
3190,2499,2499,8,7
3191,1746,1746,1,21
3192,178,178,10,3
3193,4155,4155,3,15
3194,4720,4720,1,7
3195,4645,4645,9,21
3196,291,291,8,2
3197,2742,2742,10,10
3198,4922,4922,7,12
3199,4228,4228,1,17
3200,4544,4544,2,1
3201,4609,4609,12,26
3202,2378,2378,12,4
3203,422,422,8,5
3204,1535,1535,7,8
3205,3583,3583,7,15
3206,4784,4784,10,21
3207,742,742,1,21
3208,1647,1647,6,8
3209,4176,4176,4,2
3210,2778,2778,4,1
3211,2153,2153,12,27
3212,882,882,9,25
3213,2295,2295,7,19
3214,87,87,8,7
3215,3915,3915,5,24
3216,1939,1939,8,18
3217,2652,2652,7,17
3218,4252,4252,10,30
3219,4255,4255,10,16
3220,2253,2253,10,25
3221,825,825,3,20
3222,3249,3249,5,30
3223,2763,2763,2,26
3224,597,597,2,13
3225,2312,2312,1,16
3226,706,706,1,1
3227,142,142,9,11
3228,4316,4316,10,27
3229,546,546,12,9
3230,206,206,6,10
3231,1838,1838,1,25
3232,2560,2560,12,13
3233,1134,1134,7,17
3234,1584,1584,8,4
3235,4971,4971,2,14
3236,3500,3500,9,10
3237,4292,4292,10,8
3238,4455,4455,7,8
3239,2897,2897,1,17
3240,3748,3748,3,2
3241,2887,2887,6,8
3242,2268,2268,10,29
3243,3003,3003,10,19
3244,1654,1654,6,15
3245,3806,3806,11,7
3246,1065,1065,5,24
3247,4441,4441,4,16
3248,4076,4076,8,13
3249,1266,1266,3,20
3250,3384,3384,4,7
3251,1260,1260,11,15
3252,342,342,9,5
3253,2538,2538,8,16
3254,2839,2839,1,22
3255,350,350,6,4
3256,4203,4203,11,29
3257,4975,4975,8,19
3258,3846,3846,6,4
3259,3792,3792,12,28
3260,2735,2735,10,21
3261,3529,3529,3,21
3262,3345,3345,3,5
3263,4739,4739,8,7
3264,1331,1331,12,27
3265,3167,3167,10,11
3266,4988,4988,10,11
3267,2651,2651,11,10
3268,1973,1973,10,22
3269,3533,3533,6,10
3270,2178,2178,8,12
3271,1810,1810,6,2
3272,3322,3322,2,2
3273,2929,2929,12,9
3274,752,752,2,24
3275,1134,1134,9,12
3276,300,300,5,9
3277,2795,2795,7,20
3278,1192,1192,11,27
3279,3117,3117,7,24
3280,3963,3963,12,14
3281,3101,3101,9,5
3282,852,852,11,8
3283,1404,1404,8,25
3284,1111,1111,5,4
3285,577,577,6,19
3286,4152,4152,7,12
3287,2427,2427,8,20
3288,3479,3479,8,11
3289,2426,2426,8,25
3290,916,916,5,16
3291,854,854,6,6
3292,1773,1773,5,4
3293,4587,4587,5,13
3294,4046,4046,6,11
3295,4633,4633,3,5
3296,2522,2522,8,20
3297,823,823,2,19
3298,936,936,5,30
3299,3634,3634,9,3
3300,618,618,7,30
3301,1879,1879,4,13
3302,866,866,8,6
3303,3751,3751,11,28
3304,1627,1627,4,30
3305,3964,3964,2,28
3306,4945,4945,12,26
3307,2982,2982,10,10
3308,1617,1617,8,7
3309,11,11,8,12
3310,2357,2357,3,30
3311,2617,2617,12,27
3312,2970,2970,7,21
3313,1934,1934,5,30
3314,2117,2117,6,2
3315,4611,4611,10,16
3316,143,143,9,12
3317,2533,2533,11,8
3318,4545,4545,7,8
3319,2329,2329,4,16
3320,1878,1878,3,12
3321,3084,3084,11,5
3322,4662,4662,1,18
3323,1267,1267,6,30
3324,790,790,2,16
3325,1526,1526,12,6
3326,1127,1127,3,13
3327,84,84,10,12
3328,3100,3100,9,11
3329,1113,1113,6,29
3330,2074,2074,7,16
3331,501,501,8,22
3332,546,546,5,13
3333,659,659,10,21
3334,4650,4650,11,9
3335,1642,1642,12,5
3336,938,938,4,24
3337,1626,1626,7,19
3338,4915,4915,5,25
3339,1418,1418,2,28
3340,1349,1349,1,28
3341,2882,2882,1,21
3342,3290,3290,11,9
3343,1314,1314,4,21
3344,372,372,6,8
3345,4768,4768,8,10
3346,1142,1142,10,26
3347,4047,4047,8,17
3348,3555,3555,10,14
3349,1995,1995,2,23
3350,1070,1070,1,22
3351,362,362,7,31
3352,2525,2525,12,19
3353,1891,1891,4,30
3354,1195,1195,12,12
3355,1841,1841,3,26
3356,2568,2568,7,7
3357,2234,2234,7,26
3358,312,312,6,23
3359,2501,2501,7,14
3360,2001,2001,11,6
3361,453,453,11,22
3362,1119,1119,4,2
3363,4421,4421,2,24
3364,2516,2516,1,14
3365,1594,1594,5,5
3366,1947,1947,3,25
3367,335,335,9,8
3368,1480,1480,8,19
3369,457,457,4,18
3370,1230,1230,7,4
3371,4665,4665,10,2
3372,293,293,2,2
3373,3833,3833,3,23
3374,207,207,2,27
3375,1481,1481,12,21
3376,3246,3246,8,9
3377,4678,4678,7,13
3378,265,265,8,23
3379,4622,4622,2,25
3380,2341,2341,3,8
3381,2412,2412,9,29
3382,3683,3683,11,4
3383,2783,2783,4,14
3384,704,704,11,9
3385,46,46,12,10
3386,312,312,1,29
3387,632,632,6,3
3388,1692,1692,12,29
3389,4266,4266,9,2
3390,2050,2050,9,26
3391,1240,1240,2,24
3392,4892,4892,9,2
3393,1185,1185,8,25
3394,4564,4564,7,30
3395,4661,4661,4,29
3396,3232,3232,8,18
3397,678,678,6,11
3398,2639,2639,10,3
3399,1358,1358,10,13
3400,114,114,12,23
3401,789,789,3,27
3402,513,513,3,2
3403,4452,4452,11,4
3404,3689,3689,6,21
3405,3047,3047,12,7
3406,1439,1439,8,6
3407,3512,3512,12,11
3408,4596,4596,3,30
3409,4945,4945,10,14
3410,1412,1412,1,11
3411,1913,1913,12,23
3412,3775,3775,12,8
3413,1308,1308,1,30
3414,2496,2496,1,29
3415,221,221,7,28
3416,517,517,6,22
3417,223,223,3,7
3418,2775,2775,2,2
3419,2592,2592,9,11
3420,2896,2896,5,16
3421,2512,2512,10,14
3422,2685,2685,8,30
3423,2688,2688,3,11
3424,3582,3582,1,22
3425,2870,2870,8,10
3426,3393,3393,6,14
3427,1976,1976,10,13
3428,3781,3781,1,28
3429,4533,4533,7,26
3430,607,607,9,17
3431,3905,3905,10,20
3432,1624,1624,9,11
3433,433,433,10,24
3434,2884,2884,8,3
3435,2535,2535,6,17
3436,3410,3410,12,10
3437,1749,1749,12,23
3438,3991,3991,10,20
3439,3158,3158,1,5
3440,2773,2773,12,14
3441,2494,2494,11,14
3442,4149,4149,9,24
3443,4909,4909,12,11
3444,4806,4806,9,7
3445,4478,4478,10,23
3446,4018,4018,6,20
3447,3765,3765,1,11
3448,58,58,2,18
3449,2104,2104,10,5
3450,4417,4417,9,23
3451,2029,2029,1,6
3452,4902,4902,2,6
3453,766,766,6,7
3454,3732,3732,12,19
3455,1084,1084,6,24
3456,2570,2570,3,26
3457,2120,2120,1,17
3458,1125,1125,1,31
3459,2168,2168,8,7
3460,813,813,5,23
3461,60,60,5,16
3462,11,11,6,7
3463,1183,1183,2,12
3464,4770,4770,8,30
3465,1783,1783,9,4
3466,4970,4970,12,22
3467,2223,2223,6,13
3468,292,292,12,11
3469,3682,3682,10,27
3470,3100,3100,4,27
3471,1948,1948,6,9
3472,2954,2954,4,17
3473,4436,4436,11,5
3474,3138,3138,1,23
3475,1035,1035,1,12
3476,3010,3010,4,17
3477,1273,1273,8,19
3478,1990,1990,6,4
3479,3382,3382,4,1
3480,4522,4522,7,31
3481,2214,2214,2,22
3482,854,854,12,18
3483,3430,3430,5,16
3484,2731,2731,2,12
3485,4383,4383,9,1
3486,1924,1924,11,26
3487,1601,1601,5,12
3488,4051,4051,12,21
3489,1962,1962,2,27
3490,4433,4433,7,16
3491,4638,4638,3,2
3492,3736,3736,4,30
3493,2585,2585,8,30
3494,2872,2872,7,17
3495,2635,2635,1,15
3496,4945,4945,7,26
3497,2760,2760,8,29
3498,1771,1771,3,11
3499,1562,1562,1,6
3500,2932,2932,11,7
3501,1277,1277,1,24
3502,4106,4106,12,9
3503,4440,4440,2,22
3504,3362,3362,7,4
3505,1309,1309,8,17
3506,309,309,7,29
3507,2115,2115,11,7
3508,1481,1481,5,7
3509,3573,3573,7,26
3510,221,221,3,8
3511,2918,2918,12,6
3512,2661,2661,9,28
3513,4611,4611,1,11
3514,393,393,10,22
3515,244,244,2,25
3516,928,928,1,26
3517,4735,4735,4,1
3518,3503,3503,8,14
3519,2393,2393,11,19
3520,2730,2730,10,26
3521,2678,2678,11,4
3522,2335,2335,1,28
3523,1176,1176,4,13
3524,3245,3245,1,21
3525,4549,4549,9,28
3526,732,732,11,3
3527,4635,4635,5,2
3528,3330,3330,5,23
3529,2753,2753,1,19
3530,2145,2145,9,12
3531,368,368,9,9
3532,3426,3426,1,24
3533,3901,3901,5,11
3534,3087,3087,9,9
3535,2212,2212,10,27
3536,2346,2346,3,25
3537,1466,1466,3,22
3538,3802,3802,3,25
3539,4077,4077,8,14
3540,419,419,6,22
3541,2815,2815,12,31
3542,4786,4786,8,5
3543,1198,1198,4,18
3544,3468,3468,8,7
3545,1962,1962,3,24
3546,3286,3286,10,11
3547,579,579,6,5
3548,4268,4268,12,14
3549,1763,1763,4,24
3550,3957,3957,4,14
3551,649,649,3,25
3552,694,694,10,1
3553,427,427,12,2
3554,1414,1414,1,2
3555,3351,3351,7,24
3556,325,325,9,6
3557,1284,1284,9,16
3558,4478,4478,7,7
3559,3953,3953,11,5
3560,3513,3513,9,16
3561,134,134,7,4
3562,2192,2192,7,3
3563,4950,4950,3,31
3564,420,420,5,22
3565,1260,1260,10,29
3566,3562,3562,3,28
3567,2890,2890,4,19
3568,1979,1979,11,22
3569,4211,4211,4,21
3570,180,180,8,1
3571,2303,2303,6,3
3572,1471,1471,2,27
3573,57,57,3,30
3574,1988,1988,10,23
3575,2334,2334,7,29
3576,4888,4888,7,18
3577,3207,3207,7,8
3578,651,651,9,9
3579,806,806,1,8
3580,1576,1576,6,9
3581,373,373,3,30
3582,2279,2279,9,16
3583,572,572,6,3
3584,2206,2206,6,25
3585,400,400,12,17
3586,3990,3990,2,15
3587,649,649,2,10
3588,2400,2400,12,6
3589,938,938,8,6
3590,3852,3852,7,24
3591,13,13,9,19
3592,902,902,9,26
3593,779,779,10,29
3594,488,488,4,29
3595,3445,3445,11,16
3596,769,769,12,9
3597,1346,1346,2,10
3598,938,938,2,16
3599,3724,3724,8,17
3600,1803,1803,4,6
3601,4130,4130,6,27
3602,1922,1922,12,27
3603,68,68,8,26
3604,3387,3387,7,26
3605,1349,1349,5,17
3606,4782,4782,2,4
3607,4599,4599,8,27
3608,3994,3994,7,21
3609,3870,3870,2,20
3610,4472,4472,1,7
3611,4274,4274,8,25
3612,2936,2936,11,20
3613,3675,3675,10,26
3614,4574,4574,8,14
3615,1682,1682,9,10
3616,973,973,1,30
3617,44,44,6,23
3618,3479,3479,5,6
3619,3309,3309,6,15
3620,4551,4551,10,23
3621,3244,3244,11,6
3622,2201,2201,4,13
3623,554,554,6,30
3624,1570,1570,2,8
3625,4580,4580,11,19
3626,1746,1746,11,13
3627,4537,4537,4,3
3628,1140,1140,1,23
3629,4748,4748,10,30
3630,4636,4636,7,10
3631,3324,3324,12,26
3632,2426,2426,7,1
3633,3099,3099,7,5
3634,1528,1528,8,27
3635,1741,1741,11,18
3636,4824,4824,1,30
3637,910,910,2,12
3638,4485,4485,4,29
3639,4032,4032,6,14
3640,507,507,4,15
3641,709,709,8,6
3642,4882,4882,12,18
3643,1388,1388,8,5
3644,1162,1162,9,18
3645,424,424,7,12
3646,1662,1662,12,9
3647,4358,4358,12,24
3648,2752,2752,8,23
3649,2148,2148,7,16
3650,1113,1113,11,6
3651,3833,3833,12,3
3652,624,624,3,1
3653,4499,4499,1,30
3654,2113,2113,8,24
3655,3481,3481,5,18
3656,462,462,3,30
3657,4297,4297,10,22
3658,3822,3822,2,24
3659,3201,3201,12,30
3660,3350,3350,9,11
3661,4990,4990,10,17
3662,3215,3215,11,22
3663,212,212,10,1
3664,4406,4406,3,26
3665,2016,2016,4,26
3666,471,471,4,18
3667,1933,1933,8,10
3668,2405,2405,9,10
3669,4580,4580,1,20
3670,2797,2797,5,6
3671,3726,3726,4,24
3672,4470,4470,10,8
3673,1730,1730,2,12
3674,690,690,12,1
3675,2085,2085,8,8
3676,2021,2021,12,14
3677,3793,3793,3,10
3678,3128,3128,3,18
3679,1662,1662,12,15
3680,3747,3747,5,31
3681,4255,4255,8,11
3682,3161,3161,9,21
3683,4726,4726,10,19
3684,1796,1796,2,16
3685,3864,3864,7,30
3686,3033,3033,2,10
3687,408,408,5,3
3688,3176,3176,4,29
3689,589,589,4,23
3690,900,900,6,27
3691,1601,1601,6,6
3692,1373,1373,4,9
3693,878,878,11,28
3694,4839,4839,12,28
3695,3333,3333,1,11
3696,1153,1153,12,22
3697,987,987,10,28
3698,1508,1508,9,23
3699,272,272,1,25
3700,4351,4351,10,27
3701,119,119,9,25
3702,761,761,3,24
3703,1240,1240,9,18
3704,2537,2537,7,9
3705,3337,3337,7,21
3706,1961,1961,8,21
3707,3681,3681,2,8
3708,389,389,5,7
3709,2432,2432,1,14
3710,4435,4435,11,20
3711,3004,3004,9,16
3712,4656,4656,6,5
3713,3709,3709,10,22
3714,1969,1969,6,22
3715,4214,4214,3,2
3716,2644,2644,9,28
3717,2083,2083,11,9
3718,1557,1557,5,18
3719,3680,3680,1,20
3720,2754,2754,1,20
3721,2259,2259,12,11
3722,2281,2281,3,14
3723,300,300,3,13
3724,3400,3400,9,17
3725,1229,1229,4,6
3726,293,293,11,20
3727,3733,3733,2,27
3728,3754,3754,8,5
3729,219,219,10,12
3730,4909,4909,12,16
3731,4642,4642,6,12
3732,962,962,2,13
3733,4791,4791,11,16
3734,171,171,10,2
3735,566,566,2,14
3736,1546,1546,9,4
3737,4924,4924,4,1
3738,2427,2427,2,6
3739,4703,4703,1,1
3740,3313,3313,8,25
3741,1455,1455,4,21
3742,4850,4850,4,7
3743,3702,3702,3,18
3744,4334,4334,12,17
3745,2082,2082,2,21
3746,3610,3610,5,18
3747,3038,3038,11,3
3748,1548,1548,6,22
3749,1206,1206,11,4
3750,565,565,6,27
3751,3240,3240,11,10
3752,4588,4588,8,24
3753,788,788,3,16
3754,406,406,11,22
3755,1598,1598,7,14
3756,4007,4007,10,25
3757,945,945,5,26
3758,3696,3696,6,12
3759,2205,2205,12,19
3760,1864,1864,9,11
3761,1684,1684,1,23
3762,1535,1535,3,30
3763,862,862,9,18
3764,441,441,4,24
3765,2344,2344,9,29
3766,2424,2424,7,26
3767,836,836,7,11
3768,1305,1305,2,2
3769,519,519,1,15
3770,3439,3439,3,20
3771,4078,4078,3,4
3772,3006,3006,8,5
3773,154,154,1,26
3774,1280,1280,8,6
3775,3007,3007,7,27
3776,2535,2535,1,3
3777,735,735,2,25
3778,4431,4431,7,28
3779,4809,4809,7,11
3780,4230,4230,2,12
3781,137,137,9,2
3782,676,676,6,11
3783,2410,2410,8,5
3784,1933,1933,8,24
3785,1958,1958,2,6
3786,3704,3704,4,4
3787,3574,3574,10,12
3788,4705,4705,1,29
3789,3502,3502,1,16
3790,1820,1820,4,9
3791,4870,4870,12,9
3792,4498,4498,7,1
3793,3474,3474,9,10
3794,1539,1539,1,22
3795,1262,1262,1,14
3796,1136,1136,9,18
3797,1713,1713,4,9
3798,1723,1723,4,13
3799,1765,1765,2,13
3800,4434,4434,2,2
3801,269,269,6,5
3802,2737,2737,6,8
3803,1030,1030,11,23
3804,1323,1323,1,22
3805,2823,2823,2,8
3806,3618,3618,12,6
3807,859,859,1,23
3808,3942,3942,7,2
3809,1134,1134,8,28
3810,541,541,11,11
3811,1969,1969,12,2
3812,4472,4472,5,8
3813,3213,3213,9,13
3814,3881,3881,5,6
3815,3849,3849,4,8
3816,3868,3868,1,15
3817,4060,4060,11,18
3818,1255,1255,3,13
3819,174,174,10,4
3820,4266,4266,4,1
3821,2428,2428,1,25
3822,1646,1646,11,12
3823,342,342,11,15
3824,695,695,7,2
3825,2240,2240,5,22
3826,84,84,9,12
3827,4847,4847,3,2
3828,1449,1449,12,14
3829,1089,1089,5,28
3830,4172,4172,5,7
3831,3547,3547,11,26
3832,3045,3045,7,25
3833,2168,2168,1,11
3834,521,521,8,4
3835,3361,3361,12,8
3836,495,495,12,2
3837,903,903,4,30
3838,1117,1117,7,18
3839,256,256,7,20
3840,3331,3331,2,11
3841,1722,1722,5,16
3842,437,437,5,21
3843,2552,2552,12,4
3844,2138,2138,7,30
3845,2134,2134,11,3
3846,4055,4055,5,7
3847,3079,3079,8,23
3848,4043,4043,4,3
3849,3439,3439,5,23
3850,1904,1904,3,10
3851,1220,1220,8,23
3852,61,61,7,23
3853,379,379,10,1
3854,1160,1160,12,21
3855,3380,3380,6,24
3856,442,442,9,3
3857,3235,3235,9,3
3858,2135,2135,1,2
3859,500,500,10,22
3860,4428,4428,5,7
3861,708,708,6,3
3862,1682,1682,10,4
3863,830,830,4,22
3864,3548,3548,9,11
3865,3977,3977,3,4
3866,2418,2418,12,22
3867,2812,2812,4,10
3868,1490,1490,12,7
3869,582,582,2,16
3870,2614,2614,12,28
3871,498,498,12,26
3872,4710,4710,6,28
3873,327,327,5,18
3874,4693,4693,12,6
3875,3040,3040,7,18
3876,1118,1118,9,30
3877,1694,1694,3,29
3878,1963,1963,10,8
3879,1089,1089,6,25
3880,2820,2820,4,3
3881,3687,3687,7,2
3882,3800,3800,7,20
3883,1045,1045,10,10
3884,4671,4671,3,19
3885,1884,1884,8,7
3886,2512,2512,6,30
3887,1833,1833,2,23
3888,4696,4696,2,25
3889,1482,1482,7,26
3890,1368,1368,1,17
3891,2515,2515,8,5
3892,937,937,8,15
3893,4232,4232,11,9
3894,1760,1760,12,1
3895,1077,1077,8,26
3896,215,215,9,14
3897,3568,3568,2,22
3898,1439,1439,2,15
3899,2421,2421,9,12
3900,4615,4615,1,4
3901,2345,2345,7,11
3902,2299,2299,5,18
3903,1925,1925,2,8
3904,908,908,1,21
3905,872,872,10,15
3906,1559,1559,12,21
3907,4511,4511,2,1
3908,3706,3706,11,6
3909,2320,2320,9,19
3910,1221,1221,8,23
3911,1685,1685,8,28
3912,2384,2384,2,21
3913,3091,3091,4,16
3914,4787,4787,7,13
3915,1448,1448,11,26
3916,3650,3650,12,14
3917,1582,1582,7,10
3918,1188,1188,4,26
3919,132,132,11,17
3920,3777,3777,5,21
3921,36,36,10,19
3922,1213,1213,7,7
3923,4237,4237,11,17
3924,4199,4199,8,7
3925,2498,2498,8,12
3926,3709,3709,2,23
3927,3315,3315,12,18
3928,2815,2815,10,15
3929,187,187,1,24
3930,3445,3445,3,31
3931,1860,1860,8,17
3932,2661,2661,11,10
3933,4421,4421,6,25
3934,2032,2032,3,19
3935,2258,2258,9,29
3936,2749,2749,3,2
3937,662,662,2,15
3938,4035,4035,12,30
3939,3008,3008,11,21
3940,355,355,7,14
3941,3668,3668,6,15
3942,3204,3204,12,31
3943,1685,1685,10,6
3944,270,270,3,14
3945,784,784,2,2
3946,4657,4657,5,7
3947,3804,3804,4,12
3948,3678,3678,10,30
3949,1444,1444,3,24
3950,113,113,10,31
3951,4778,4778,2,26
3952,4996,4996,9,15
3953,3372,3372,6,2
3954,4219,4219,3,26
3955,3397,3397,1,4
3956,3431,3431,12,24
3957,1676,1676,1,22
3958,1646,1646,5,28
3959,2564,2564,10,9
3960,4803,4803,2,11
3961,2674,2674,2,19
3962,1785,1785,3,14
3963,4962,4962,4,11
3964,4998,4998,12,20
3965,2713,2713,11,29
3966,3384,3384,12,13
3967,284,284,9,19
3968,564,564,11,5
3969,2953,2953,7,2
3970,4221,4221,7,11
3971,822,822,6,6
3972,105,105,1,16
3973,3520,3520,8,2
3974,4188,4188,5,10
3975,4446,4446,2,18
3976,4407,4407,5,7
3977,3035,3035,4,21
3978,4617,4617,10,29
3979,354,354,3,15
3980,953,953,11,27
3981,4803,4803,11,17
3982,3014,3014,3,11
3983,3920,3920,8,12
3984,3662,3662,6,30
3985,2229,2229,7,10
3986,208,208,10,2
3987,3178,3178,11,14
3988,1463,1463,12,3
3989,2416,2416,9,25
3990,333,333,1,17
3991,313,313,12,14
3992,275,275,10,30
3993,2006,2006,1,30
3994,3504,3504,8,11
3995,2613,2613,6,2
3996,4274,4274,3,9
3997,555,555,5,11
3998,787,787,8,15
3999,2904,2904,11,29
4000,2895,2895,9,19
4001,2108,2108,12,30
4002,4712,4712,5,8
4003,4707,4707,10,3
4004,3704,3704,8,14
4005,4476,4476,3,9
4006,3720,3720,6,9
4007,3768,3768,1,13
4008,3497,3497,3,30
4009,4008,4008,1,19
4010,1696,1696,8,30
4011,3831,3831,8,1
4012,1568,1568,3,30
4013,2262,2262,1,1
4014,2663,2663,2,16
4015,3506,3506,8,31
4016,858,858,1,27
4017,1882,1882,10,18
4018,4552,4552,5,25
4019,3308,3308,10,13
4020,3703,3703,1,21
4021,798,798,10,13
4022,2643,2643,4,16
4023,2703,2703,8,26
4024,1406,1406,5,10
4025,413,413,7,15
4026,1634,1634,8,10
4027,1455,1455,4,18
4028,1178,1178,11,21
4029,277,277,1,26
4030,3449,3449,8,15
4031,714,714,5,21
4032,3554,3554,7,29
4033,3306,3306,11,11
4034,2808,2808,2,2
4035,1910,1910,12,9
4036,3631,3631,5,13
4037,1950,1950,1,2
4038,3920,3920,8,29
4039,408,408,4,29
4040,1899,1899,12,1
4041,1883,1883,5,21
4042,2482,2482,8,6
4043,2898,2898,3,13
4044,1252,1252,12,27
4045,4433,4433,3,31
4046,3992,3992,12,31
4047,4895,4895,7,2
4048,4182,4182,5,7
4049,4817,4817,12,1
4050,3459,3459,10,5
4051,1688,1688,3,4
4052,1970,1970,9,9
4053,3978,3978,7,3
4054,3702,3702,2,13
4055,4107,4107,12,1
4056,2780,2780,10,20
4057,1071,1071,3,27
4058,2059,2059,7,29
4059,2219,2219,7,27
4060,1891,1891,9,15
4061,815,815,3,4
4062,2292,2292,4,2
4063,2546,2546,7,22
4064,241,241,2,24
4065,2522,2522,7,26
4066,3470,3470,4,28
4067,336,336,6,8
4068,4108,4108,12,18
4069,4082,4082,8,17
4070,116,116,5,18
4071,438,438,11,1
4072,3808,3808,5,29
4073,953,953,9,24
4074,4895,4895,10,12
4075,1955,1955,3,6
4076,3489,3489,3,2
4077,4135,4135,6,2
4078,106,106,2,12
4079,1649,1649,2,18
4080,141,141,4,28
4081,2254,2254,2,19
4082,4821,4821,10,9
4083,4066,4066,2,23
4084,1979,1979,12,24
4085,940,940,10,5
4086,4017,4017,1,13
4087,1675,1675,10,17
4088,4630,4630,10,15
4089,2153,2153,2,9
4090,1685,1685,3,29
4091,3396,3396,7,11
4092,2836,2836,8,1
4093,662,662,2,14
4094,3190,3190,9,24
4095,4686,4686,7,12
4096,2980,2980,12,20
4097,2076,2076,9,26
4098,1469,1469,4,19
4099,3127,3127,11,10
4100,3269,3269,5,4
4101,2504,2504,10,9
4102,4542,4542,2,11
4103,3300,3300,11,9
4104,10,10,6,16
4105,4739,4739,5,23
4106,4381,4381,4,13
4107,3673,3673,6,15
4108,2662,2662,1,17
4109,3902,3902,12,20
4110,4611,4611,5,29
4111,121,121,8,12
4112,4600,4600,6,14
4113,4798,4798,3,17
4114,4698,4698,12,18
4115,4486,4486,11,4
4116,862,862,1,28
4117,4627,4627,4,18
4118,723,723,7,28
4119,1266,1266,7,15
4120,3225,3225,2,1
4121,3054,3054,3,20
4122,3815,3815,4,14
4123,3427,3427,12,7
4124,2570,2570,7,8
4125,4305,4305,9,15
4126,3455,3455,6,14
4127,370,370,4,6
4128,1458,1458,2,4
4129,1504,1504,12,30
4130,3953,3953,9,5
4131,2707,2707,6,17
4132,2020,2020,5,17
4133,2883,2883,1,14
4134,2130,2130,11,16
4135,1162,1162,1,28
4136,1378,1378,6,11
4137,1065,1065,8,25
4138,3484,3484,6,5
4139,636,636,4,1
4140,3627,3627,4,23
4141,661,661,6,17
4142,1170,1170,8,19
4143,2888,2888,9,15
4144,2525,2525,11,9
4145,4485,4485,5,13
4146,139,139,12,26
4147,3021,3021,2,18
4148,277,277,1,6
4149,4987,4987,9,18
4150,878,878,8,19
4151,1432,1432,8,25
4152,795,795,1,25
4153,287,287,1,29
4154,3304,3304,11,23
4155,1798,1798,8,2
4156,575,575,4,13
4157,2695,2695,9,20
4158,317,317,2,3
4159,672,672,4,3
4160,4002,4002,7,30
4161,4277,4277,9,16
4162,2454,2454,6,2
4163,2785,2785,6,19
4164,1730,1730,9,8
4165,1115,1115,7,4
4166,2438,2438,2,25
4167,3011,3011,11,14
4168,3015,3015,8,15
4169,4900,4900,10,29
4170,1592,1592,11,23
4171,2634,2634,5,17
4172,4511,4511,11,30
4173,1235,1235,2,5
4174,4982,4982,8,20
4175,2570,2570,9,29
4176,4628,4628,3,16
4177,393,393,1,21
4178,1533,1533,4,14
4179,1261,1261,5,11
4180,1165,1165,8,4
4181,4435,4435,7,19
4182,2708,2708,11,6
4183,915,915,9,9
4184,4662,4662,12,16
4185,4717,4717,6,7
4186,1176,1176,12,15
4187,1449,1449,7,10
4188,535,535,10,25
4189,1107,1107,4,2
4190,3172,3172,9,24
4191,4135,4135,5,23
4192,4855,4855,3,26
4193,862,862,3,14
4194,3634,3634,11,30
4195,3378,3378,5,27
4196,3165,3165,3,17
4197,4084,4084,9,20
4198,2284,2284,6,10
4199,2668,2668,11,1
4200,3670,3670,3,16
4201,4816,4816,9,4
4202,2586,2586,2,18
4203,4285,4285,6,23
4204,819,819,10,30
4205,3902,3902,4,4
4206,4867,4867,7,21
4207,1341,1341,12,5
4208,1433,1433,12,14
4209,3249,3249,11,5
4210,3468,3468,10,7
4211,1114,1114,1,19
4212,2520,2520,11,29
4213,3433,3433,11,13
4214,4258,4258,6,1
4215,2946,2946,3,7
4216,694,694,8,18
4217,2784,2784,9,30
4218,2218,2218,6,21
4219,2970,2970,12,29
4220,815,815,1,23
4221,1422,1422,8,1
4222,453,453,8,22
4223,4364,4364,2,4
4224,4636,4636,4,25
4225,1943,1943,5,29
4226,3654,3654,8,3
4227,856,856,9,12
4228,3503,3503,2,19
4229,2458,2458,5,3
4230,4038,4038,3,20
4231,4510,4510,7,30
4232,4722,4722,1,25
4233,1735,1735,7,14
4234,2961,2961,6,17
4235,589,589,8,2
4236,2025,2025,7,12
4237,4588,4588,12,14
4238,3731,3731,9,8
4239,882,882,3,11
4240,2636,2636,10,26
4241,4201,4201,11,5
4242,2414,2414,7,14
4243,572,572,12,29
4244,2591,2591,5,16
4245,4488,4488,5,12
4246,2610,2610,11,23
4247,4180,4180,1,12
4248,3158,3158,5,27
4249,2729,2729,5,26
4250,4373,4373,4,18
4251,4520,4520,4,19
4252,4902,4902,5,8
4253,4629,4629,6,20
4254,163,163,9,27
4255,4734,4734,5,1
4256,4107,4107,12,21
4257,2250,2250,3,1
4258,3629,3629,10,23
4259,2262,2262,12,16
4260,571,571,6,13
4261,1955,1955,7,6
4262,3273,3273,2,8
4263,2279,2279,1,6
4264,4298,4298,1,20
4265,3818,3818,10,27
4266,4671,4671,5,30
4267,214,214,12,11
4268,483,483,7,25
4269,2973,2973,5,4
4270,584,584,4,25
4271,2808,2808,8,14
4272,1153,1153,4,24
4273,4875,4875,7,16
4274,3572,3572,6,7
4275,2258,2258,3,19
4276,602,602,10,26
4277,4172,4172,8,25
4278,4848,4848,11,7
4279,211,211,1,8
4280,3168,3168,10,3
4281,2299,2299,5,7
4282,776,776,5,16
4283,582,582,11,11
4284,4543,4543,4,17
4285,3308,3308,9,26
4286,1679,1679,4,20
4287,3354,3354,5,9
4288,3121,3121,6,10
4289,4564,4564,2,2
4290,875,875,2,11
4291,977,977,3,25
4292,1971,1971,8,21
4293,3701,3701,4,29
4294,4623,4623,11,24
4295,2388,2388,9,9
4296,3198,3198,3,18
4297,1690,1690,2,11
4298,1013,1013,12,29
4299,479,479,6,15
4300,4672,4672,6,17
4301,4125,4125,8,19
4302,556,556,1,10
4303,161,161,6,19
4304,1796,1796,9,9
4305,1490,1490,1,25
4306,412,412,6,26
4307,4887,4887,6,21
4308,4156,4156,6,19
4309,2602,2602,8,6
4310,4825,4825,2,20
4311,3345,3345,10,1
4312,2713,2713,7,12
4313,4446,4446,4,24
4314,245,245,11,27
4315,2951,2951,7,3
4316,4794,4794,8,12
4317,408,408,8,14
4318,802,802,3,15
4319,2731,2731,6,22
4320,2339,2339,5,4
4321,669,669,7,1
4322,4260,4260,3,10
4323,4485,4485,1,21
4324,3199,3199,11,15
4325,1508,1508,5,8
4326,930,930,10,29
4327,2673,2673,5,25
4328,4581,4581,8,26
4329,1833,1833,6,6
4330,586,586,3,14
4331,1591,1591,5,12
4332,677,677,9,19
4333,1039,1039,4,20
4334,4564,4564,7,17
4335,4093,4093,11,23
4336,1612,1612,2,14
4337,367,367,8,4
4338,3910,3910,11,17
4339,4197,4197,7,7
4340,102,102,12,1
4341,1129,1129,11,15
4342,881,881,1,20
4343,841,841,7,23
4344,623,623,10,25
4345,773,773,6,18
4346,1562,1562,2,3
4347,4023,4023,11,11
4348,2001,2001,10,21
4349,676,676,11,13
4350,507,507,8,14
4351,2123,2123,3,17
4352,3468,3468,1,22
4353,741,741,6,21
4354,2484,2484,6,9
4355,3247,3247,4,26
4356,3510,3510,6,4
4357,2752,2752,11,17
4358,782,782,5,22
4359,2113,2113,2,21
4360,831,831,7,1
4361,3823,3823,3,19
4362,2988,2988,12,31
4363,3651,3651,1,23
4364,3550,3550,5,6
4365,1638,1638,2,4
4366,4252,4252,12,21
4367,1040,1040,12,11
4368,2263,2263,4,8
4369,661,661,2,24
4370,1324,1324,1,11
4371,1798,1798,11,16
4372,3553,3553,9,25
4373,2357,2357,10,2
4374,1696,1696,2,28
4375,398,398,12,1
4376,1856,1856,12,25
4377,253,253,8,25
4378,937,937,11,6
4379,705,705,1,4
4380,390,390,8,13
4381,4136,4136,12,27
4382,4024,4024,7,3
4383,2053,2053,9,29
4384,1993,1993,12,27
4385,882,882,6,7
4386,3552,3552,1,9
4387,3432,3432,6,18
4388,712,712,1,27
4389,3961,3961,2,18
4390,1781,1781,11,6
4391,4036,4036,2,24
4392,2298,2298,8,20
4393,3919,3919,6,2
4394,861,861,11,4
4395,3409,3409,12,25
4396,1758,1758,7,16
4397,1262,1262,1,14
4398,1752,1752,12,19
4399,122,122,6,15
4400,1893,1893,7,17
4401,1503,1503,4,13
4402,4768,4768,1,10
4403,3760,3760,9,18
4404,1564,1564,7,30
4405,928,928,7,14
4406,1950,1950,4,10
4407,3839,3839,11,16
4408,868,868,10,14
4409,2499,2499,7,17
4410,2270,2270,9,26
4411,1248,1248,12,24
4412,3951,3951,2,12
4413,2884,2884,8,8
4414,1875,1875,9,5
4415,2342,2342,10,12
4416,4180,4180,5,14
4417,292,292,6,10
4418,3372,3372,11,8
4419,1945,1945,6,3
4420,3917,3917,1,2
4421,3507,3507,5,26
4422,3857,3857,3,22
4423,295,295,8,20
4424,650,650,9,29
4425,1247,1247,8,9
4426,3282,3282,7,5
4427,3925,3925,3,4
4428,125,125,1,20
4429,3763,3763,2,27
4430,353,353,2,22
4431,3558,3558,7,20
4432,213,213,7,17
4433,3158,3158,7,31
4434,4186,4186,7,21
4435,3404,3404,6,7
4436,4526,4526,6,10
4437,762,762,11,14
4438,3838,3838,6,6
4439,19,19,6,7
4440,944,944,3,10
4441,382,382,7,26
4442,973,973,4,4
4443,3187,3187,8,19
4444,56,56,10,6
4445,1440,1440,6,7
4446,1583,1583,10,10
4447,4089,4089,11,20
4448,252,252,8,21
4449,1243,1243,2,21
4450,4547,4547,4,25
4451,2173,2173,8,5
4452,2807,2807,3,15
4453,2064,2064,4,20
4454,851,851,11,6
4455,4591,4591,7,13
4456,1564,1564,6,18
4457,2809,2809,2,15
4458,4119,4119,10,7
4459,2185,2185,1,10
4460,3709,3709,5,21
4461,1909,1909,9,29
4462,111,111,9,16
4463,2711,2711,3,16
4464,4655,4655,12,2
4465,3760,3760,3,29
4466,1662,1662,8,4
4467,1930,1930,1,24
4468,2107,2107,12,7
4469,3843,3843,11,14
4470,658,658,10,22
4471,4771,4771,2,10
4472,2276,2276,6,16
4473,3413,3413,2,19
4474,3131,3131,12,3
4475,1243,1243,12,25
4476,4924,4924,9,16
4477,2867,2867,9,28
4478,1707,1707,4,21
4479,4377,4377,8,26
4480,831,831,9,23
4481,1857,1857,2,17
4482,2573,2573,6,5
4483,4862,4862,1,15
4484,2146,2146,3,8
4485,1854,1854,4,10
4486,884,884,11,21
4487,3451,3451,10,18
4488,1868,1868,11,4
4489,1014,1014,6,12
4490,441,441,9,10
4491,2241,2241,7,14
4492,4100,4100,7,1
4493,1184,1184,2,16
4494,1566,1566,7,30
4495,4429,4429,7,4
4496,2791,2791,10,31
4497,2766,2766,5,25
4498,4199,4199,11,14
4499,563,563,11,24
4500,3011,3011,6,17
4501,2587,2587,7,24
4502,3152,3152,7,21
4503,3629,3629,6,25
4504,1556,1556,4,26
4505,4992,4992,2,13
4506,2551,2551,6,6
4507,4345,4345,5,28
4508,3405,3405,1,17
4509,1135,1135,10,23
4510,2326,2326,8,24
4511,3058,3058,3,18
4512,4312,4312,12,18
4513,2755,2755,1,3
4514,3220,3220,1,9
4515,3929,3929,6,1
4516,1738,1738,9,6
4517,2021,2021,2,2
4518,4178,4178,2,15
4519,4768,4768,5,24
4520,759,759,7,19
4521,860,860,4,11
4522,948,948,1,29
4523,1833,1833,7,23
4524,2523,2523,5,30
4525,1630,1630,7,30
4526,3481,3481,6,25
4527,1875,1875,10,31
4528,4334,4334,11,3
4529,4330,4330,8,1
4530,3599,3599,6,3
4531,4171,4171,10,5
4532,898,898,4,5
4533,4696,4696,7,7
4534,2231,2231,4,19
4535,9,9,5,4
4536,418,418,9,11
4537,879,879,11,8
4538,3168,3168,5,5
4539,3133,3133,2,17
4540,1300,1300,8,24
4541,1999,1999,6,15
4542,1999,1999,8,31
4543,3770,3770,8,26
4544,1242,1242,9,2
4545,4272,4272,4,4
4546,4398,4398,9,13
4547,4323,4323,8,14
4548,593,593,4,10
4549,4718,4718,6,9
4550,4152,4152,4,22
4551,1888,1888,6,20
4552,4978,4978,2,16
4553,2682,2682,11,2
4554,75,75,4,1
4555,2767,2767,9,7
4556,3150,3150,2,6
4557,4729,4729,6,25
4558,205,205,2,13
4559,567,567,4,16
4560,1878,1878,1,11
4561,3789,3789,10,24
4562,2325,2325,1,23
4563,2703,2703,9,26
4564,628,628,2,4
4565,2149,2149,3,13
4566,329,329,2,12
4567,4709,4709,7,4
4568,1632,1632,10,2
4569,3310,3310,3,27
4570,1683,1683,2,5
4571,3711,3711,10,2
4572,3048,3048,3,3
4573,1864,1864,3,1
4574,2576,2576,4,6
4575,3045,3045,7,2
4576,4500,4500,6,8
4577,3777,3777,11,20
4578,4996,4996,5,21
4579,4565,4565,8,22
4580,774,774,4,16
4581,4785,4785,6,24
4582,376,376,6,14
4583,45,45,10,17
4584,4943,4943,2,15
4585,4433,4433,5,3
4586,4282,4282,3,30
4587,1653,1653,10,9
4588,2982,2982,3,11
4589,3638,3638,8,21
4590,4041,4041,5,10
4591,307,307,10,25
4592,1568,1568,3,6
4593,1277,1277,9,9
4594,3255,3255,12,20
4595,3071,3071,10,6
4596,4622,4622,6,17
4597,3145,3145,3,15
4598,2711,2711,6,13
4599,4805,4805,2,17
4600,4182,4182,8,11
4601,1927,1927,3,16
4602,2261,2261,2,26
4603,4507,4507,11,28
4604,732,732,9,27
4605,3699,3699,9,2
4606,3945,3945,2,11
4607,3092,3092,6,20
4608,1284,1284,6,18
4609,2062,2062,10,19
4610,97,97,5,13
4611,1971,1971,6,27
4612,2945,2945,9,28
4613,392,392,1,15
4614,2138,2138,2,12
4615,765,765,10,14
4616,4360,4360,4,8
4617,601,601,8,31
4618,4759,4759,1,1
4619,4303,4303,7,30
4620,4674,4674,1,31
4621,711,711,12,7
4622,2304,2304,3,7
4623,4565,4565,4,18
4624,1431,1431,7,18
4625,3598,3598,9,12
4626,1446,1446,2,21
4627,4957,4957,7,14
4628,3116,3116,11,4
4629,2778,2778,11,21
4630,4614,4614,1,31
4631,2492,2492,10,7
4632,3597,3597,12,11
4633,678,678,3,23
4634,2570,2570,4,3
4635,623,623,1,20
4636,3775,3775,6,23
4637,2301,2301,12,24
4638,2044,2044,5,21
4639,4520,4520,8,27
4640,951,951,7,15
4641,3178,3178,7,25
4642,3003,3003,9,28
4643,2581,2581,7,30
4644,3469,3469,2,3
4645,620,620,5,11
4646,35,35,10,20
4647,1554,1554,8,13
4648,1249,1249,5,5
4649,3634,3634,5,13
4650,1461,1461,9,18
4651,4938,4938,1,23
4652,1119,1119,10,1
4653,1526,1526,10,31
4654,1119,1119,9,14
4655,4509,4509,3,22
4656,3769,3769,3,2
4657,957,957,1,27
4658,1514,1514,9,8
4659,4880,4880,12,31
4660,3642,3642,8,7
4661,4429,4429,5,30
4662,2959,2959,11,24
4663,3457,3457,7,16
4664,2948,2948,5,10
4665,430,430,11,8
4666,2360,2360,8,1
4667,4378,4378,6,17
4668,4333,4333,9,1
4669,1031,1031,7,6
4670,4332,4332,1,29
4671,3358,3358,9,30
4672,1209,1209,4,29
4673,4599,4599,8,31
4674,2322,2322,7,19
4675,2125,2125,9,6
4676,1786,1786,8,29
4677,1734,1734,4,23
4678,3342,3342,8,1
4679,2998,2998,7,7
4680,950,950,9,7
4681,4629,4629,7,28
4682,586,586,7,5
4683,1543,1543,2,4
4684,2220,2220,12,9
4685,1328,1328,4,26
4686,3144,3144,5,23
4687,135,135,1,9
4688,809,809,12,22
4689,4118,4118,4,3
4690,2469,2469,2,5
4691,4890,4890,1,2
4692,3869,3869,10,6
4693,2295,2295,1,28
4694,2147,2147,9,18
4695,550,550,4,20
4696,470,470,11,22
4697,2976,2976,5,16
4698,2707,2707,11,17
4699,4586,4586,10,26
4700,3635,3635,3,20
4701,3414,3414,10,24
4702,1119,1119,6,1
4703,1078,1078,4,22
4704,1768,1768,7,2
4705,4148,4148,12,18
4706,2162,2162,8,6
4707,4737,4737,6,24
4708,1560,1560,12,8
4709,2177,2177,5,3
4710,2412,2412,9,24
4711,853,853,10,30
4712,4277,4277,11,20
4713,3014,3014,1,16
4714,1234,1234,8,31
4715,4740,4740,11,4
4716,2502,2502,3,29
4717,3739,3739,9,10
4718,504,504,5,27
4719,1354,1354,4,24
4720,4283,4283,12,7
4721,940,940,10,28
4722,1779,1779,2,26
4723,2540,2540,9,24
4724,4901,4901,1,16
4725,4640,4640,12,25
4726,4148,4148,10,4
4727,2818,2818,3,7
4728,2758,2758,9,17
4729,755,755,5,20
4730,1702,1702,10,11
4731,3447,3447,8,18
4732,1269,1269,12,23
4733,240,240,2,5
4734,2363,2363,2,1
4735,251,251,12,12
4736,2053,2053,5,6
4737,1592,1592,1,24
4738,4915,4915,2,17
4739,3858,3858,3,30
4740,3052,3052,11,6
4741,3524,3524,3,4
4742,162,162,9,26
4743,4141,4141,11,28
4744,4725,4725,8,4
4745,3477,3477,12,29
4746,3665,3665,8,9
4747,3861,3861,11,24
4748,1043,1043,1,6
4749,2038,2038,2,13
4750,1448,1448,2,3
4751,1633,1633,5,20
4752,774,774,11,9
4753,1016,1016,11,4
4754,4621,4621,9,8
4755,2386,2386,2,27
4756,3926,3926,8,10
4757,4903,4903,6,23
4758,639,639,11,23
4759,1181,1181,6,11
4760,1344,1344,3,26
4761,2830,2830,3,31
4762,492,492,8,5
4763,938,938,6,11
4764,387,387,11,22
4765,3953,3953,8,29
4766,1613,1613,7,5
4767,405,405,2,24
4768,1686,1686,4,15
4769,962,962,7,12
4770,3516,3516,2,22
4771,2846,2846,11,28
4772,2732,2732,12,24
4773,2118,2118,12,8
4774,2205,2205,5,10
4775,2408,2408,1,14
4776,4233,4233,10,4
4777,3352,3352,12,13
4778,3288,3288,3,31
4779,1626,1626,9,25
4780,2040,2040,11,11
4781,3268,3268,6,11
4782,4784,4784,12,25
4783,2322,2322,12,6
4784,546,546,5,8
4785,2349,2349,5,10
4786,2819,2819,4,2
4787,369,369,11,2
4788,4518,4518,5,21
4789,1114,1114,2,27
4790,4769,4769,12,12
4791,235,235,9,7
4792,1289,1289,1,25
4793,2735,2735,2,17
4794,4058,4058,8,12
4795,3576,3576,2,1
4796,292,292,7,8
4797,206,206,8,14
4798,3988,3988,7,15
4799,2276,2276,3,26
4800,4755,4755,11,11
4801,2738,2738,8,3
4802,4622,4622,1,15
4803,3904,3904,5,7
4804,175,175,4,11
4805,3602,3602,8,19
4806,4434,4434,8,26
4807,4003,4003,5,5
4808,157,157,4,19
4809,4648,4648,11,30
4810,2857,2857,4,30
4811,4309,4309,10,31
4812,930,930,11,11
4813,729,729,2,8
4814,1510,1510,1,4
4815,2987,2987,11,5
4816,1767,1767,4,18
4817,3246,3246,12,27
4818,2546,2546,4,14
4819,4700,4700,1,4
4820,3461,3461,8,12
4821,2373,2373,5,19
4822,1259,1259,12,1
4823,4146,4146,12,19
4824,387,387,11,30
4825,426,426,4,29
4826,4727,4727,10,9
4827,2882,2882,1,13
4828,3721,3721,2,18
4829,4679,4679,4,18
4830,1867,1867,7,18
4831,232,232,3,25
4832,901,901,1,28
4833,2341,2341,7,3
4834,2542,2542,2,1
4835,4401,4401,12,12
4836,23,23,3,21
4837,3215,3215,10,24
4838,3260,3260,1,7
4839,3120,3120,5,21
4840,2202,2202,1,3
4841,1999,1999,7,20
4842,4239,4239,3,10
4843,128,128,4,30
4844,4038,4038,12,11
4845,1521,1521,1,19
4846,2418,2418,10,1
4847,4864,4864,11,17
4848,2454,2454,6,27
4849,1529,1529,10,29
4850,3681,3681,6,9
4851,90,90,6,2
4852,1917,1917,2,21
4853,1237,1237,3,6
4854,1928,1928,6,10
4855,106,106,7,6
4856,877,877,12,11
4857,2498,2498,2,6
4858,2675,2675,2,26
4859,427,427,4,16
4860,1450,1450,5,31
4861,2841,2841,3,19
4862,2401,2401,12,4
4863,193,193,3,2
4864,363,363,5,8
4865,3561,3561,9,29
4866,3135,3135,2,23
4867,2947,2947,12,24
4868,3877,3877,7,28
4869,1544,1544,2,17
4870,2134,2134,2,11
4871,612,612,5,9
4872,775,775,6,26
4873,383,383,6,3
4874,1521,1521,12,8
4875,4118,4118,6,16
4876,1741,1741,1,1
4877,1711,1711,7,28
4878,1067,1067,6,29
4879,1328,1328,10,9
4880,4578,4578,1,31
4881,3386,3386,4,7
4882,2248,2248,9,24
4883,4255,4255,3,31
4884,3521,3521,4,12
4885,3771,3771,3,29
4886,4602,4602,8,30
4887,3291,3291,9,8
4888,1852,1852,10,30
4889,2773,2773,3,31
4890,3858,3858,5,16
4891,1594,1594,1,31
4892,963,963,8,13
4893,1958,1958,12,10
4894,2884,2884,3,31
4895,3087,3087,4,16
4896,1117,1117,8,8
4897,747,747,6,15
4898,2448,2448,8,3
4899,2167,2167,5,13
4900,743,743,7,27
4901,1372,1372,7,7
4902,4370,4370,8,13
4903,1635,1635,1,27
4904,1687,1687,12,1
4905,1010,1010,5,29
4906,976,976,5,1
4907,1362,1362,3,8
4908,4039,4039,12,30
4909,1580,1580,10,19
4910,2467,2467,5,4
4911,3468,3468,8,13
4912,4916,4916,7,13
4913,3809,3809,8,24
4914,101,101,4,30
4915,166,166,6,14
4916,4116,4116,1,19
4917,1788,1788,3,3
4918,3877,3877,8,9
4919,3366,3366,10,1
4920,344,344,2,27
4921,794,794,11,18
4922,2723,2723,5,9
4923,2303,2303,12,3
4924,62,62,6,29
4925,1516,1516,11,22
4926,4392,4392,10,23
4927,3631,3631,8,29
4928,3796,3796,12,31
4929,1989,1989,11,18
4930,4897,4897,12,3
4931,2253,2253,10,13
4932,320,320,7,5
4933,300,300,11,6
4934,794,794,10,26
4935,1911,1911,10,12
4936,4247,4247,12,21
4937,2536,2536,7,29
4938,2696,2696,3,19
4939,1773,1773,7,23
4940,677,677,11,21
4941,4208,4208,11,11
4942,4561,4561,4,17
4943,158,158,1,10
4944,3826,3826,6,4
4945,1522,1522,8,28
4946,2532,2532,9,19
4947,2615,2615,4,28
4948,4249,4249,11,5
4949,1378,1378,12,11
4950,682,682,4,24
4951,3894,3894,2,19
4952,4865,4865,5,29
4953,1696,1696,5,15
4954,2787,2787,10,11
4955,4600,4600,11,19
4956,118,118,11,8
4957,1884,1884,6,14
4958,3002,3002,4,11
4959,3419,3419,3,20
4960,2147,2147,5,1
4961,3873,3873,3,28
4962,351,351,12,13
4963,710,710,3,18
4964,2340,2340,4,11
4965,1680,1680,2,8
4966,3544,3544,6,10
4967,4223,4223,1,9
4968,3056,3056,3,2
4969,1766,1766,12,8
4970,3547,3547,1,23
4971,3217,3217,11,12
4972,4002,4002,4,30
4973,2148,2148,9,21
4974,994,994,7,8
4975,4764,4764,10,30
4976,3770,3770,1,7
4977,1029,1029,12,25
4978,1845,1845,10,7
4979,4301,4301,8,30
4980,1556,1556,8,30
4981,4671,4671,5,2
4982,4978,4978,10,19
4983,101,101,11,24
4984,2357,2357,10,13
4985,1699,1699,11,29
4986,4802,4802,4,30
4987,1224,1224,10,12
4988,1286,1286,4,11
4989,239,239,3,30
4990,4726,4726,4,24
4991,324,324,10,3
4992,625,625,10,16
4993,2968,2968,6,29
4994,966,966,12,7
4995,2567,2567,2,15
4996,4489,4489,12,28
4997,4749,4749,7,8
4998,4266,4266,5,18
4999,210,210,11,14
5000,4185,4185,7,30
5001,2313,2313,2,11
5002,214,214,7,17
5003,1913,1913,6,26
5004,1991,1991,10,25
5005,76,76,4,24
5006,65,65,11,20
5007,4400,4400,7,5
5008,4689,4689,4,13
5009,1145,1145,9,9
5010,2138,2138,2,17
5011,2222,2222,6,6
5012,1474,1474,1,31
5013,1244,1244,12,20
5014,3408,3408,5,18
5015,4913,4913,5,8
5016,794,794,4,11
5017,2658,2658,12,15
5018,299,299,6,10
5019,3005,3005,12,21
5020,2662,2662,2,4
5021,3230,3230,8,16
5022,4192,4192,6,21
5023,924,924,10,7
5024,961,961,9,27
5025,1571,1571,10,22
5026,4152,4152,3,9
5027,2201,2201,1,17
5028,1758,1758,5,30
5029,3122,3122,1,26
5030,2748,2748,3,7
5031,917,917,7,17
5032,556,556,8,27
5033,1885,1885,9,4
5034,3088,3088,6,24
5035,4426,4426,3,1
5036,3709,3709,8,2
5037,347,347,5,2
5038,1318,1318,9,15
5039,1467,1467,2,4
5040,2551,2551,11,3
5041,3985,3985,5,26
5042,2797,2797,7,3
5043,559,559,5,24
5044,482,482,6,12
5045,745,745,5,28
5046,3208,3208,8,16
5047,2616,2616,12,1
5048,5,5,5,14
5049,762,762,3,19
5050,2351,2351,6,21
5051,3769,3769,9,17
5052,2130,2130,4,7
5053,1039,1039,6,22
5054,258,258,2,6
5055,3217,3217,9,26
5056,3636,3636,7,25
5057,4497,4497,5,26
5058,2987,2987,3,26
5059,684,684,2,21
5060,4579,4579,5,24
5061,2460,2460,6,20
5062,4700,4700,8,17
5063,2512,2512,2,26
5064,470,470,3,25
5065,1336,1336,5,21
5066,3483,3483,4,4
5067,1630,1630,6,24
5068,4737,4737,10,21
5069,4691,4691,10,19
5070,658,658,1,25
5071,4347,4347,12,4
5072,4547,4547,2,13
5073,2031,2031,12,29
5074,4529,4529,10,12
5075,4316,4316,4,3
5076,2896,2896,8,11
5077,3327,3327,1,21
5078,4745,4745,9,13
5079,2996,2996,2,28
5080,3508,3508,6,8
5081,2831,2831,5,27
5082,3161,3161,3,28
5083,4201,4201,12,26
5084,700,700,1,2
5085,1551,1551,6,1
5086,679,679,3,4
5087,1602,1602,1,5
5088,2038,2038,6,10
5089,824,824,10,8
5090,4505,4505,4,28
5091,1106,1106,8,28
5092,2511,2511,9,26
5093,4890,4890,6,10
5094,3611,3611,1,4
5095,2463,2463,7,17
5096,2987,2987,4,13
5097,633,633,10,21
5098,2582,2582,12,30
5099,4895,4895,8,17
5100,4347,4347,3,30
5101,3836,3836,10,20
5102,804,804,4,14
5103,1345,1345,8,11
5104,2735,2735,8,11
5105,643,643,11,3
5106,3098,3098,5,20
5107,2638,2638,7,23
5108,4307,4307,5,30
5109,4098,4098,7,22
5110,4861,4861,11,5
5111,704,704,4,7
5112,1615,1615,11,7
5113,4700,4700,7,13
5114,3351,3351,4,8
5115,3559,3559,11,29
5116,4852,4852,1,9
5117,4942,4942,8,17
5118,2593,2593,1,17
5119,2036,2036,1,26
5120,2668,2668,6,4
5121,2975,2975,4,7
5122,795,795,4,15
5123,4865,4865,7,18
5124,4652,4652,5,26
5125,3814,3814,6,18
5126,1495,1495,5,1
5127,4009,4009,12,16
5128,762,762,3,10
5129,1796,1796,1,25
5130,1166,1166,12,20
5131,1112,1112,6,28
5132,595,595,11,27
5133,4193,4193,6,16
5134,4096,4096,11,2
